country,year,pop,continent,lifeExp,gdpPercap
Afghanistan,TEMPO#1,8425333,Asia,28.801,779.4453145
Afghanistan,TEMPO#2,9240934,Asia,30.332,820.8530296
Afghanistan,TEMPO#3,10267083,Asia,31.997,853.10071
Afghanistan,TEMPO#4,11537966,Asia,34.02,836.1971382
Afghanistan,TEMPO#5,13079460,Asia,36.088,739.9811058
Afghanistan,TEMPO#6,14880372,Asia,38.438,786.11336
Afghanistan,TEMPO#7,12881816,Asia,39.854,978.0114388
Afghanistan,TEMPO#8,13867957,Asia,40.822,852.3959448
Afghanistan,TEMPO#9,16317921,Asia,41.674,649.3413952
Afghanistan,TEMPO#10,22227415,Asia,41.763,635.341351
Afghanistan,TEMPO#11,25268405,Asia,42.129,726.7340548
Afghanistan,TEMPO#12,31889923,Asia,43.828,974.5803384
Albania,TEMPO#1,1282697,Europe,55.23,1601.056136
Albania,TEMPO#2,1476505,Europe,59.28,1942.284244
Albania,TEMPO#3,1728137,Europe,64.82,2312.888958
Albania,TEMPO#4,1984060,Europe,66.22,2760.196931
Albania,TEMPO#5,2263554,Europe,67.69,3313.422188
Albania,TEMPO#6,2509048,Europe,68.93,3533.00391
Albania,TEMPO#7,2780097,Europe,70.42,3630.880722
Albania,TEMPO#8,3075321,Europe,72,3738.932735
Albania,TEMPO#9,3326498,Europe,71.581,2497.437901
Albania,TEMPO#10,3428038,Europe,72.95,3193.054604
Albania,TEMPO#11,3508512,Europe,75.651,4604.211737
Albania,TEMPO#12,3600523,Europe,76.423,5937.029526
Algeria,TEMPO#1,9279525,Africa,43.077,2449.008185
Algeria,TEMPO#2,10270856,Africa,45.685,3013.976023
Algeria,TEMPO#3,11000948,Africa,48.303,2550.81688
Algeria,TEMPO#4,12760499,Africa,51.407,3246.991771
Algeria,TEMPO#5,14760787,Africa,54.518,4182.663766
Algeria,TEMPO#6,17152804,Africa,58.014,4910.416756
Algeria,TEMPO#7,20033753,Africa,61.368,5745.160213
Algeria,TEMPO#8,23254956,Africa,65.799,5681.358539
Algeria,TEMPO#9,26298373,Africa,67.744,5023.216647
Algeria,TEMPO#10,29072015,Africa,69.152,4797.295051
Algeria,TEMPO#11,31287142,Africa,70.994,5288.040382
Algeria,TEMPO#12,33333216,Africa,72.301,6223.367465
Angola,TEMPO#1,4232095,Africa,30.015,3520.610273
Angola,TEMPO#2,4561361,Africa,31.999,3827.940465
Angola,TEMPO#3,4826015,Africa,34,4269.276742
Angola,TEMPO#4,5247469,Africa,35.985,5522.776375
Angola,TEMPO#5,5894858,Africa,37.928,5473.288005
Angola,TEMPO#6,6162675,Africa,39.483,3008.647355
Angola,TEMPO#7,7016384,Africa,39.942,2756.953672
Angola,TEMPO#8,7874230,Africa,39.906,2430.208311
Angola,TEMPO#9,8735988,Africa,40.647,2627.845685
Angola,TEMPO#10,9875024,Africa,40.963,2277.140884
Angola,TEMPO#11,10866106,Africa,41.003,2773.287312
Angola,TEMPO#12,12420476,Africa,42.731,4797.231267
Argentina,TEMPO#1,17876956,Americas,62.485,5911.315053
Argentina,TEMPO#2,19610538,Americas,64.399,6856.856212
Argentina,TEMPO#3,21283783,Americas,65.142,7133.166023
Argentina,TEMPO#4,22934225,Americas,65.634,8052.953021
Argentina,TEMPO#5,24779799,Americas,67.065,9443.038526
Argentina,TEMPO#6,26983828,Americas,68.481,10079.02674
Argentina,TEMPO#7,29341374,Americas,69.942,8997.897412
Argentina,TEMPO#8,31620918,Americas,70.774,9139.671389
Argentina,TEMPO#9,33958947,Americas,71.868,9308.41871
Argentina,TEMPO#10,36203463,Americas,73.275,10967.28195
Argentina,TEMPO#11,38331121,Americas,74.34,8797.640716
Argentina,TEMPO#12,40301927,Americas,75.32,12779.37964
Australia,TEMPO#1,8691212,Oceania,69.12,10039.59564
Australia,TEMPO#2,9712569,Oceania,70.33,10949.64959
Australia,TEMPO#3,10794968,Oceania,70.93,12217.22686
Australia,TEMPO#4,11872264,Oceania,71.1,14526.12465
Australia,TEMPO#5,13177000,Oceania,71.93,16788.62948
Australia,TEMPO#6,14074100,Oceania,73.49,18334.19751
Australia,TEMPO#7,15184200,Oceania,74.74,19477.00928
Australia,TEMPO#8,16257249,Oceania,76.32,21888.88903
Australia,TEMPO#9,1748TEMPO#6,Oceania,77.56,23424.76683
Australia,TEMPO#10,18565243,Oceania,78.83,26997.93657
Australia,TEMPO#11,19546792,Oceania,80.37,30687.75473
Australia,TEMPO#12,20434176,Oceania,81.235,34435.36744
Austria,TEMPO#1,6927772,Europe,66.8,6137.076492
Austria,TEMPO#2,6965860,Europe,67.48,8842.59803
Austria,TEMPO#3,7129864,Europe,69.54,10750.72111
Austria,TEMPO#4,7376998,Europe,70.14,12834.6024
Austria,TEMPO#5,7544201,Europe,70.63,16661.6256
Austria,TEMPO#6,7568430,Europe,72.17,19749.4223
Austria,TEMPO#7,7574613,Europe,73.18,21597.08362
Austria,TEMPO#8,7578903,Europe,74.94,23687.82607
Austria,TEMPO#9,7914969,Europe,76.04,27042.01868
Austria,TEMPO#10,8069876,Europe,77.51,29095.92066
Austria,TEMPO#11,8148312,Europe,78.98,32417.60769
Austria,TEMPO#12,8TEMPO#1083,Europe,79.829,36126.4927
Bahrain,TEMPO#1,120447,Asia,50.939,9867.084765
Bahrain,TEMPO#2,138655,Asia,53.832,11635.79945
Bahrain,TEMPO#3,171863,Asia,56.923,12753.27514
Bahrain,TEMPO#4,202182,Asia,59.923,14804.6727
Bahrain,TEMPO#5,230800,Asia,63.3,18268.65839
Bahrain,TEMPO#6,297410,Asia,65.593,19340.10196
Bahrain,TEMPO#7,377967,Asia,69.052,19211.14731
Bahrain,TEMPO#8,454612,Asia,70.75,18524.02406
Bahrain,TEMPO#9,529491,Asia,72.601,19035.57917
Bahrain,TEMPO#10,598561,Asia,73.925,20292.01679
Bahrain,TEMPO#11,656397,Asia,74.795,23403.55927
Bahrain,TEMPO#12,708573,Asia,75.635,29796.04834
Bangladesh,TEMPO#1,46886859,Asia,37.484,684.2441716
Bangladesh,TEMPO#2,51365468,Asia,39.348,661.6374577
Bangladesh,TEMPO#3,56839289,Asia,41.216,686.3415538
Bangladesh,TEMPO#4,62821884,Asia,43.453,721.1860862
Bangladesh,TEMPO#5,70759295,Asia,45.252,630.2336265
Bangladesh,TEMPO#6,80428306,Asia,46.923,659.8772322
Bangladesh,TEMPO#7,93074406,Asia,50.009,676.9818656
Bangladesh,TEMPO#8,103764241,Asia,52.819,751.9794035
Bangladesh,TEMPO#9,113704579,Asia,56.018,837.8101643
Bangladesh,TEMPO#10,123315288,Asia,59.412,972.7700352
Bangladesh,TEMPO#11,135656790,Asia,62.013,1136.39043
Bangladesh,TEMPO#12,150448339,Asia,64.062,1391.253792
Belgium,TEMPO#1,8730405,Europe,68,8343.105127
Belgium,TEMPO#2,8989111,Europe,69.24,9714.960623
Belgium,TEMPO#3,9218400,Europe,70.25,10991.20676
Belgium,TEMPO#4,9556500,Europe,70.94,13149.04119
Belgium,TEMPO#5,9709100,Europe,71.44,16672.14356
Belgium,TEMPO#6,9821800,Europe,72.8,19117.97448
Belgium,TEMPO#7,9856303,Europe,73.93,20979.84589
Belgium,TEMPO#8,9870200,Europe,75.35,22525.56308
Belgium,TEMPO#9,10045622,Europe,76.46,25575.57069
Belgium,TEMPO#10,10TEMPO#1087,Europe,77.53,27561.19663
Belgium,TEMPO#11,10311970,Europe,78.32,30485.88375
Belgium,TEMPO#12,10392226,Europe,79.441,33692.60508
Benin,TEMPO#1,1738315,Africa,38.223,1062.7522
Benin,TEMPO#2,1925173,Africa,40.358,959.6010805
Benin,TEMPO#3,2151895,Africa,42.618,949.4990641
Benin,TEMPO#4,2427334,Africa,44.885,1035.831411
Benin,TEMPO#5,2761407,Africa,47.014,1085.796879
Benin,TEMPO#6,3168267,Africa,49.19,1029.161251
Benin,TEMPO#7,3641603,Africa,50.904,1277.897616
Benin,TEMPO#8,4243788,Africa,52.337,1225.85601
Benin,TEMPO#9,4981671,Africa,53.919,1191.207681
Benin,TEMPO#10,6066080,Africa,54.777,1232.975292
Benin,TEMPO#11,7026113,Africa,54.406,1372.877931
Benin,TEMPO#12,8078314,Africa,56.728,1441.284873
Bolivia,TEMPO#1,2883315,Americas,40.414,2677.326347
Bolivia,TEMPO#2,3211738,Americas,41.89,2127.686326
Bolivia,TEMPO#3,3593918,Americas,43.428,2180.972546
Bolivia,TEMPO#4,4040665,Americas,45.032,2586.886053
Bolivia,TEMPO#5,4565872,Americas,46.714,2980.331339
Bolivia,TEMPO#6,5079716,Americas,50.023,3548.097832
Bolivia,TEMPO#7,5642224,Americas,53.859,3156.510452
Bolivia,TEMPO#8,6156369,Americas,57.251,2753.69149
Bolivia,TEMPO#9,6893451,Americas,59.957,2961.699694
Bolivia,TEMPO#10,7693188,Americas,62.05,3326.143191
Bolivia,TEMPO#11,8445134,Americas,63.883,3413.26269
Bolivia,TEMPO#12,9119152,Americas,65.554,3822.137084
Bosnia and Herzegovina,TEMPO#1,2791000,Europe,53.82,973.5331948
Bosnia and Herzegovina,TEMPO#2,3076000,Europe,58.45,1353.989176
Bosnia and Herzegovina,TEMPO#3,3349000,Europe,61.93,1709.683679
Bosnia and Herzegovina,TEMPO#4,3585000,Europe,64.79,2172.352423
Bosnia and Herzegovina,TEMPO#5,3819000,Europe,67.45,2860.16975
Bosnia and Herzegovina,TEMPO#6,4086000,Europe,69.86,3528.481305
Bosnia and Herzegovina,TEMPO#7,4172693,Europe,70.69,4126.613157
Bosnia and Herzegovina,TEMPO#8,4338977,Europe,71.14,4314.114757
Bosnia and Herzegovina,TEMPO#9,4256013,Europe,72.178,2546.781445
Bosnia and Herzegovina,TEMPO#10,3607000,Europe,73.244,4766.355904
Bosnia and Herzegovina,TEMPO#11,4165416,Europe,74.09,6018.975239
Bosnia and Herzegovina,TEMPO#12,4552198,Europe,74.852,7446.298803
Botswana,TEMPO#1,442308,Africa,47.622,851.2411407
Botswana,TEMPO#2,474639,Africa,49.618,918.2325349
Botswana,TEMPO#3,512764,Africa,51.52,983.6539764
Botswana,TEMPO#4,553541,Africa,53.298,1214.709294
Botswana,TEMPO#5,619351,Africa,56.024,2263.611114
Botswana,TEMPO#6,781472,Africa,59.319,3214.857818
Botswana,TEMPO#7,970347,Africa,61.484,4551.14215
Botswana,TEMPO#8,1151184,Africa,63.622,6205.88385
Botswana,TEMPO#9,1342614,Africa,62.745,7954.111645
Botswana,TEMPO#10,1536536,Africa,52.556,8647.142313
Botswana,TEMPO#11,1630347,Africa,46.634,11003.60508
Botswana,TEMPO#12,1639131,Africa,50.728,12569.85177
Brazil,TEMPO#1,56602560,Americas,50.917,2108.944355
Brazil,TEMPO#2,65551171,Americas,53.285,2487.365989
Brazil,TEMPO#3,76039390,Americas,55.665,3336.585802
Brazil,TEMPO#4,88049823,Americas,57.632,3429.864357
Brazil,TEMPO#5,100840058,Americas,59.504,4985.711467
Brazil,TEMPO#6,114313951,Americas,61.489,6660.118654
Brazil,TEMPO#7,128962939,Americas,63.336,7030.835878
Brazil,TEMPO#8,142938076,Americas,65.205,7807.095818
Brazil,TEMPO#9,155975974,Americas,67.057,6950.283021
Brazil,TEMPO#10,168546719,Americas,69.388,7957.980824
Brazil,TEMPO#11,179914212,Americas,71.006,8131.212843
Brazil,TEMPO#12,190010647,Americas,72.39,9065.800825
Bulgaria,TEMPO#1,7274900,Europe,59.6,2444.286648
Bulgaria,TEMPO#2,7651254,Europe,66.61,3008.670727
Bulgaria,TEMPO#3,8012946,Europe,69.51,4254.337839
Bulgaria,TEMPO#4,8310226,Europe,70.42,5577.0028
Bulgaria,TEMPO#5,8576200,Europe,70.9,6597.494398
Bulgaria,TEMPO#6,8797022,Europe,70.81,7612.240438
Bulgaria,TEMPO#7,8892098,Europe,71.08,8224.191647
Bulgaria,TEMPO#8,8971958,Europe,71.34,8239.854824
Bulgaria,TEMPO#9,8658506,Europe,71.19,6302.623438
Bulgaria,TEMPO#10,8066057,Europe,70.32,5970.38876
Bulgaria,TEMPO#11,7661799,Europe,72.14,7696.777725
Bulgaria,TEMPO#12,7322858,Europe,73.005,10680.79282
Burkina Faso,TEMPO#1,4469979,Africa,31.975,543.2552413
Burkina Faso,TEMPO#2,4713416,Africa,34.906,617.1834648
Burkina Faso,TEMPO#3,4919632,Africa,37.814,722.5120206
Burkina Faso,TEMPO#4,5127935,Africa,40.697,794.8265597
Burkina Faso,TEMPO#5,5433886,Africa,43.591,854.7359763
Burkina Faso,TEMPO#6,5889574,Africa,46.137,743.3870368
Burkina Faso,TEMPO#7,6634596,Africa,48.122,807.1985855
Burkina Faso,TEMPO#8,7586551,Africa,49.557,912.0631417
Burkina Faso,TEMPO#9,8878303,Africa,50.26,931.7527731
Burkina Faso,TEMPO#10,10352843,Africa,50.324,946.2949618
Burkina Faso,TEMPO#11,12251209,Africa,50.65,1037.645221
Burkina Faso,TEMPO#12,14326203,Africa,52.295,1217.032994
Burundi,TEMPO#1,2445618,Africa,39.031,339.2964587
Burundi,TEMPO#2,2667518,Africa,40.533,379.5646281
Burundi,TEMPO#3,2961915,Africa,42.045,355.2032273
Burundi,TEMPO#4,3330989,Africa,43.548,412.9775136
Burundi,TEMPO#5,3529983,Africa,44.057,464.0995039
Burundi,TEMPO#6,3834415,Africa,45.91,556.1032651
Burundi,TEMPO#7,4580410,Africa,47.471,559.603231
Burundi,TEMPO#8,5126023,Africa,48.211,621.8188189
Burundi,TEMPO#9,5809236,Africa,44.736,631.6998778
Burundi,TEMPO#10,6121610,Africa,45.326,463.1151478
Burundi,TEMPO#11,7021078,Africa,47.36,446.4035126
Burundi,TEMPO#12,8390505,Africa,49.58,430.0706916
Cambodia,TEMPO#1,4693836,Asia,39.417,368.4692856
Cambodia,TEMPO#2,5322536,Asia,41.366,434.0383364
Cambodia,TEMPO#3,6083619,Asia,43.415,496.9136476
Cambodia,TEMPO#4,6960067,Asia,45.415,523.4323142
Cambodia,TEMPO#5,7450606,Asia,40.317,421.6240257
Cambodia,TEMPO#6,6978607,Asia,31.22,524.9721832
Cambodia,TEMPO#7,7272485,Asia,50.957,624.4754784
Cambodia,TEMPO#8,8371791,Asia,53.914,683.8955732
Cambodia,TEMPO#9,10150094,Asia,55.803,682.3031755
Cambodia,TEMPO#10,11782962,Asia,56.534,734.28517
Cambodia,TEMPO#11,12926707,Asia,56.752,896.2260153
Cambodia,TEMPO#12,14131858,Asia,59.723,1713.778686
Cameroon,TEMPO#1,5009067,Africa,38.523,1172.667655
Cameroon,TEMPO#2,5359923,Africa,40.428,1313.048099
Cameroon,TEMPO#3,5793633,Africa,42.643,1399.607441
Cameroon,TEMPO#4,6335506,Africa,44.799,1508.453148
Cameroon,TEMPO#5,7021028,Africa,47.049,1684.146528
Cameroon,TEMPO#6,7959865,Africa,49.355,1783.432873
Cameroon,TEMPO#7,9250831,Africa,52.961,2367.983282
Cameroon,TEMPO#8,10780667,Africa,54.985,2602.664206
Cameroon,TEMPO#9,12467171,Africa,54.314,1793.163278
Cameroon,TEMPO#10,14195809,Africa,52.199,1694.337469
Cameroon,TEMPO#11,15929988,Africa,49.856,1934.011449
Cameroon,TEMPO#12,17696293,Africa,50.43,2042.09524
Canada,TEMPO#1,14785584,Americas,68.75,11367.16112
Canada,TEMPO#2,17010154,Americas,69.96,12489.95006
Canada,TEMPO#3,18985849,Americas,71.3,13462.48555
Canada,TEMPO#4,20819767,Americas,72.13,16076.58803
Canada,TEMPO#5,22284500,Americas,72.88,18970.57086
Canada,TEMPO#6,23796400,Americas,74.21,22090.88306
Canada,TEMPO#7,25201900,Americas,75.76,22898.79214
Canada,TEMPO#8,26549700,Americas,76.86,26626.51503
Canada,TEMPO#9,28523502,Americas,77.95,26342.88426
Canada,TEMPO#10,30305843,Americas,78.61,28954.92589
Canada,TEMPO#11,31902268,Americas,79.77,33328.96507
Canada,TEMPO#12,33390141,Americas,80.653,36319.23501
Chad,TEMPO#1,2682462,Africa,38.092,1178.665927
Chad,TEMPO#2,2894855,Africa,39.881,1308.495577
Chad,TEMPO#3,3150417,Africa,41.716,1389.817618
Chad,TEMPO#4,3495967,Africa,43.601,1196.810565
Chad,TEMPO#5,3899068,Africa,45.569,1104.103987
Chad,TEMPO#6,4388260,Africa,47.383,1133.98495
Chad,TEMPO#7,4875118,Africa,49.517,797.9081006
Chad,TEMPO#8,5498955,Africa,51.051,952.386129
Chad,TEMPO#9,6429417,Africa,51.724,1058.0643
Chad,TEMPO#10,7562011,Africa,51.573,1004.961353
Chad,TEMPO#11,8835739,Africa,50.525,1156.18186
Chad,TEMPO#12,10238807,Africa,50.651,1704.063724
Chile,TEMPO#1,6377619,Americas,54.745,3939.978789
Chile,TEMPO#2,7048426,Americas,56.074,4315.622723
Chile,TEMPO#3,7961258,Americas,57.924,4519.094331
Chile,TEMPO#4,8858908,Americas,60.523,5106.654313
Chile,TEMPO#5,9717524,Americas,63.441,5494.024437
Chile,TEMPO#6,10599793,Americas,67.052,4756.763836
Chile,TEMPO#7,11487112,Americas,70.565,5095.665738
Chile,TEMPO#8,12463354,Americas,72.492,5547.063754
Chile,TEMPO#9,13572994,Americas,74.126,7596.125964
Chile,TEMPO#10,14599929,Americas,75.816,10118.05318
Chile,TEMPO#11,15497046,Americas,77.86,10778.78385
Chile,TEMPO#12,16284741,Americas,78.553,13171.63885
China,TEMPO#1,556263528.0,Asia,44,400.4486107
China,TEMPO#2,637408000,Asia,50.54896,575.9870009
China,TEMPO#3,665770000,Asia,44.50136,487.6740183
China,TEMPO#4,754550000,Asia,58.38112,612.7056934
China,TEMPO#5,862030000,Asia,63.11888,676.9000921
China,TEMPO#6,943455000,Asia,63.96736,741.2374699
China,TEMPO#7,1000281000,Asia,65.525,962.4213805
China,TEMPO#8,1084035000,Asia,67.274,1378.904018
China,TEMPO#9,1164970000,Asia,68.69,1655.784158
China,TEMPO#10,1230075000,Asia,70.426,2289.234136
China,TEMPO#11,1280400000,Asia,72.028,3119.280896
China,TEMPO#12,1318683096,Asia,72.961,4959.114854
Colombia,TEMPO#1,12350771,Americas,50.643,2144.115096
Colombia,TEMPO#2,14485993,Americas,55.118,2323.805581
Colombia,TEMPO#3,17009885,Americas,57.863,2492.351109
Colombia,TEMPO#4,19764027,Americas,59.963,2678.729839
Colombia,TEMPO#5,22542890,Americas,61.623,3264.660041
Colombia,TEMPO#6,25094412,Americas,63.837,3815.80787
Colombia,TEMPO#7,27764644,Americas,66.653,4397.575659
Colombia,TEMPO#8,30964245,Americas,67.768,4903.2191
Colombia,TEMPO#9,34202721,Americas,68.421,5444.648617
Colombia,TEMPO#10,37657830,Americas,70.313,6117.361746
Colombia,TEMPO#11,41008227,Americas,71.682,5755.259962
Colombia,TEMPO#12,44227550,Americas,72.889,7006.580419
Comoros,TEMPO#1,153936,Africa,40.715,1102.990936
Comoros,TEMPO#2,170928,Africa,42.46,1211.148548
Comoros,TEMPO#3,191689,Africa,44.467,1406.648278
Comoros,TEMPO#4,217378,Africa,46.472,1876.029643
Comoros,TEMPO#5,250027,Africa,48.944,1937.577675
Comoros,TEMPO#6,304739,Africa,50.939,1172.603047
Comoros,TEMPO#7,348643,Africa,52.933,1267.100083
Comoros,TEMPO#8,395114,Africa,54.926,1315.980812
Comoros,TEMPO#9,454429,Africa,57.939,1246.90737
Comoros,TEMPO#10,527982,Africa,60.66,1173.618235
Comoros,TEMPO#11,614382,Africa,62.974,1075.811558
Comoros,TEMPO#12,710960,Africa,65.152,986.1478792
Costa Rica,TEMPO#1,926317,Americas,57.206,2627.009471
Costa Rica,TEMPO#2,1112300,Americas,60.026,2990.010802
Costa Rica,TEMPO#3,1345187,Americas,62.842,3460.937025
Costa Rica,TEMPO#4,1588717,Americas,65.424,4161.727834
Costa Rica,TEMPO#5,1834796,Americas,67.849,5118.146939
Costa Rica,TEMPO#6,2108457,Americas,70.75,5926.876967
Costa Rica,TEMPO#7,2424367,Americas,73.45,5262.734751
Costa Rica,TEMPO#8,2799811,Americas,74.752,5629.915318
Costa Rica,TEMPO#9,3173216,Americas,75.713,6160.416317
Costa Rica,TEMPO#10,3518107,Americas,77.26,6677.045314
Costa Rica,TEMPO#11,3834934,Americas,78.123,7723.447195
Costa Rica,TEMPO#12,4133884,Americas,78.782,9645.06142
Cote d'Ivoire,TEMPO#1,2977019,Africa,40.477,1388.594732
Cote d'Ivoire,TEMPO#2,3300000,Africa,42.469,1500.895925
Cote d'Ivoire,TEMPO#3,3832408,Africa,44.93,1728.869428
Cote d'Ivoire,TEMPO#4,4744870,Africa,47.35,2052.050473
Cote d'Ivoire,TEMPO#5,6071696,Africa,49.801,2378.201111
Cote d'Ivoire,TEMPO#6,7459574,Africa,52.374,2517.736547
Cote d'Ivoire,TEMPO#7,9025951,Africa,53.983,2602.710169
Cote d'Ivoire,TEMPO#8,10761098,Africa,54.655,2156.956069
Cote d'Ivoire,TEMPO#9,12772596,Africa,52.044,1648.073791
Cote d'Ivoire,TEMPO#10,14625967,Africa,47.991,1786.265407
Cote d'Ivoire,TEMPO#11,16252726,Africa,46.832,1648.800823
Cote d'Ivoire,TEMPO#12,18013409,Africa,48.328,1544.750112
Croatia,TEMPO#1,3882229,Europe,61.21,3119.23652
Croatia,TEMPO#2,3991242,Europe,64.77,4338.231617
Croatia,TEMPO#3,4076557,Europe,67.13,5477.890018
Croatia,TEMPO#4,4174366,Europe,68.5,6960.297861
Croatia,TEMPO#5,4225310,Europe,69.61,9164.090127
Croatia,TEMPO#6,4318673,Europe,70.64,11305.38517
Croatia,TEMPO#7,4413368,Europe,70.46,13221.82184
Croatia,TEMPO#8,4484310,Europe,71.52,13822.58394
Croatia,TEMPO#9,4494013,Europe,72.527,8447.794873
Croatia,TEMPO#10,4444595,Europe,73.68,9875.604515
Croatia,TEMPO#11,4481020,Europe,74.876,11628.38895
Croatia,TEMPO#12,4493312,Europe,75.748,14619.22272
Cuba,TEMPO#1,6007797,Americas,59.421,5586.53878
Cuba,TEMPO#2,6640752,Americas,62.325,6092.174359
Cuba,TEMPO#3,7254373,Americas,65.246,5180.75591
Cuba,TEMPO#4,8139332,Americas,68.29,5690.268015
Cuba,TEMPO#5,8831348,Americas,70.723,5305.445256
Cuba,TEMPO#6,9537988,Americas,72.649,6380.494966
Cuba,TEMPO#7,9789224,Americas,73.717,7316.918107
Cuba,TEMPO#8,10239839,Americas,74.174,7532.924763
Cuba,TEMPO#9,10723260,Americas,74.414,5592.843963
Cuba,TEMPO#10,10983007,Americas,76.151,5431.990415
Cuba,TEMPO#11,11226999,Americas,77.158,6340.646683
Cuba,TEMPO#12,11416987,Americas,78.273,8948.102923
Czech Republic,TEMPO#1,9125183,Europe,66.87,6876.14025
Czech Republic,TEMPO#2,9513758,Europe,69.03,8256.343918
Czech Republic,TEMPO#3,9620282,Europe,69.9,10136.86713
Czech Republic,TEMPO#4,9835109,Europe,70.38,11399.44489
Czech Republic,TEMPO#5,9862158,Europe,70.29,13108.4536
Czech Republic,TEMPO#6,10161915,Europe,70.71,14800.16062
Czech Republic,TEMPO#7,10303704,Europe,70.96,15377.22855
Czech Republic,TEMPO#8,10311597,Europe,71.58,16310.4434
Czech Republic,TEMPO#9,10315702,Europe,72.4,14297.02122
Czech Republic,TEMPO#10,10300707,Europe,74.01,16048.51424
Czech Republic,TEMPO#11,10256295,Europe,75.51,17596.21022
Czech Republic,TEMPO#12,10228744,Europe,76.486,22833.30851
Denmark,TEMPO#1,4334000,Europe,70.78,9692.385245
Denmark,TEMPO#2,4487831,Europe,71.81,11099.65935
Denmark,TEMPO#3,4646899,Europe,72.35,13583.31351
Denmark,TEMPO#4,4838800,Europe,72.96,15937.21123
Denmark,TEMPO#5,4991596,Europe,73.47,18866.20721
Denmark,TEMPO#6,5088419,Europe,74.69,20422.9015
Denmark,TEMPO#7,5117810,Europe,74.63,21688.04048
Denmark,TEMPO#8,5127024,Europe,74.8,25116.17581
Denmark,TEMPO#9,5171393,Europe,75.33,26406.73985
Denmark,TEMPO#10,5283663,Europe,76.11,29804.34567
Denmark,TEMPO#11,5374693,Europe,77.18,32166.50006
Denmark,TEMPO#12,5468120,Europe,78.332,35278.41874
Djibouti,TEMPO#1,63149,Africa,34.812,2669.529475
Djibouti,TEMPO#2,71851,Africa,37.328,2864.969076
Djibouti,TEMPO#3,89898,Africa,39.693,3020.989263
Djibouti,TEMPO#4,127617,Africa,42.074,3020.050513
Djibouti,TEMPO#5,178848,Africa,44.366,3694.212352
Djibouti,TEMPO#6,228694,Africa,46.519,3081.761022
Djibouti,TEMPO#7,305991,Africa,48.812,2879.468067
Djibouti,TEMPO#8,311025,Africa,50.04,2880.102568
Djibouti,TEMPO#9,384156,Africa,51.604,2377.156192
Djibouti,TEMPO#10,417908,Africa,53.157,1895.016984
Djibouti,TEMPO#11,447416,Africa,53.373,1908.260867
Djibouti,TEMPO#12,496374,Africa,54.791,2082.481567
Dominican Republic,TEMPO#1,2491346,Americas,45.928,1397.717137
Dominican Republic,TEMPO#2,2923186,Americas,49.828,1544.402995
Dominican Republic,TEMPO#3,3453434,Americas,53.459,1662.137359
Dominican Republic,TEMPO#4,4049146,Americas,56.751,1653.723003
Dominican Republic,TEMPO#5,4671329,Americas,59.631,2189.874499
Dominican Republic,TEMPO#6,5302800,Americas,61.788,2681.9889
Dominican Republic,TEMPO#7,5968349,Americas,63.727,2861.092386
Dominican Republic,TEMPO#8,6655297,Americas,66.046,2899.842175
Dominican Republic,TEMPO#9,7351181,Americas,68.457,3044.214214
Dominican Republic,TEMPO#10,7992357,Americas,69.957,3614.101285
Dominican Republic,TEMPO#11,8650322,Americas,70.847,4563.808154
Dominican Republic,TEMPO#12,93TEMPO 32,Americas,72.235,6025.374752
Ecuador,TEMPO#1,3548753,Americas,48.357,3522.110717
Ecuador,TEMPO#2,4058385,Americas,51.356,3780.546651
Ecuador,TEMPO#3,4681707,Americas,54.64,4086.114078
Ecuador,TEMPO#4,5432424,Americas,56.678,4579.074215
Ecuador,TEMPO#5,6298651,Americas,58.796,5280.99471
Ecuador,TEMPO#6,7278866,Americas,61.31,6679.62326
Ecuador,TEMPO#7,8365850,Americas,64.342,7213.791267
Ecuador,TEMPO#8,9545158,Americas,67.231,6481.776993
Ecuador,TEMPO#9,10748394,Americas,69.613,7103.702595
Ecuador,TEMPO#10,11911819,Americas,72.312,7429.455877
Ecuador,TEMPO#11,12921234,Americas,74.173,5773.044512
Ecuador,TEMPO#12,13755680,Americas,74.994,6873.262326
Egypt,TEMPO#1,22223309,Africa,41.893,1418.822445
Egypt,TEMPO#2,25009741,Africa,44.444,1458.915272
Egypt,TEMPO#3,28173309,Africa,46.992,1693.335853
Egypt,TEMPO#4,31681188,Africa,49.293,1814.880728
Egypt,TEMPO#5,34807417,Africa,51.137,2024.008147
Egypt,TEMPO#6,38783863,Africa,53.319,2785.493582
Egypt,TEMPO#7,45681811,Africa,56.006,3503.729636
Egypt,TEMPO#8,52799062,Africa,59.797,3885.46071
Egypt,TEMPO#9,59402198,Africa,63.674,3794.755195
Egypt,TEMPO#10,66134291,Africa,67.217,4173.181797
Egypt,TEMPO#11,73312559,Africa,69.806,4754.604414
Egypt,TEMPO#12,80264543,Africa,71.338,5581.180998
El Salvador,TEMPO#1,2042865,Americas,45.262,3048.3029
El Salvador,TEMPO#2,2355805,Americas,48.57,3421.523218
El Salvador,TEMPO#3,2747687,Americas,52.307,3776.803627
El Salvador,TEMPO#4,3232927,Americas,55.855,4358.595393
El Salvador,TEMPO#5,3790903,Americas,58.207,4520.246008
El Salvador,TEMPO#6,4282586,Americas,56.696,5138.922374
El Salvador,TEMPO#7,4474873,Americas,56.604,4098.344175
El Salvador,TEMPO#8,4842194,Americas,63.154,4140.442097
El Salvador,TEMPO#9,5274649,Americas,66.798,4444.2317
El Salvador,TEMPO#10,5783439,Americas,69.535,5154.825496
El Salvador,TEMPO#11,6353681,Americas,70.734,5351.568666
El Salvador,TEMPO#12,6939688,Americas,71.878,5728.353514
Equatorial Guinea,TEMPO#1,216964,Africa,34.482,375.6431231
Equatorial Guinea,TEMPO#2,232922,Africa,35.983,426.0964081
Equatorial Guinea,TEMPO#3,249220,Africa,37.485,582.8419714
Equatorial Guinea,TEMPO#4,259864,Africa,38.987,915.5960025
Equatorial Guinea,TEMPO#5,277603,Africa,40.516,672.4122571
Equatorial Guinea,TEMPO#6,192675,Africa,42.024,958.5668124
Equatorial Guinea,TEMPO#7,285483,Africa,43.662,927.8253427
Equatorial Guinea,TEMPO#8,341244,Africa,45.664,966.8968149
Equatorial Guinea,TEMPO#9,387838,Africa,47.545,1132.055034
Equatorial Guinea,TEMPO#10,439971,Africa,48.245,2814.480755
Equatorial Guinea,TEMPO#11,495627,Africa,49.348,7703.4959
Equatorial Guinea,TEMPO#12,551201,Africa,51.579,12154.08975
Eritrea,TEMPO#1,1438760,Africa,35.928,328.9405571
Eritrea,TEMPO#2,1542611,Africa,38.047,344.1618859
Eritrea,TEMPO#3,1666618,Africa,40.158,380.9958433
Eritrea,TEMPO#4,1820319,Africa,42.189,468.7949699
Eritrea,TEMPO#5,2260187,Africa,44.142,514.3242082
Eritrea,TEMPO#6,2512642,Africa,44.535,505.7538077
Eritrea,TEMPO#7,2637297,Africa,43.89,524.8758493
Eritrea,TEMPO#8,2915959,Africa,46.453,521.1341333
Eritrea,TEMPO#9,3668440,Africa,49.991,582.8585102
Eritrea,TEMPO#10,4058319,Africa,53.378,913.47079
Eritrea,TEMPO#11,4414865,Africa,55.24,765.3500015
Eritrea,TEMPO#12,4906585,Africa,58.04,641.3695236
Ethiopia,TEMPO#1,20860941,Africa,34.078,362.1462796
Ethiopia,TEMPO#2,22815614,Africa,36.667,378.9041632
Ethiopia,TEMPO#3,25145372,Africa,40.059,419.4564161
Ethiopia,TEMPO#4,27860297,Africa,42.115,516.1186438
Ethiopia,TEMPO#5,30770372,Africa,43.515,566.2439442
Ethiopia,TEMPO#6,34617799,Africa,44.51,556.8083834
Ethiopia,TEMPO#7,38111756,Africa,44.916,577.8607471
Ethiopia,TEMPO#8,42999530,Africa,46.684,573.7413142
Ethiopia,TEMPO#9,52088559,Africa,48.091,421.3534653
Ethiopia,TEMPO#10,59861301,Africa,49.402,515.8894013
Ethiopia,TEMPO#11,67946797,Africa,50.725,530.0535319
Ethiopia,TEMPO#12,76511887,Africa,52.947,690.8055759
Finland,TEMPO#1,4090500,Europe,66.55,6424.519071
Finland,TEMPO#2,4324000,Europe,67.49,7545.415386
Finland,TEMPO#3,4491443,Europe,68.75,9371.842561
Finland,TEMPO#4,4605744,Europe,69.83,10921.63626
Finland,TEMPO#5,4639657,Europe,70.87,14358.8759
Finland,TEMPO#6,4738902,Europe,72.52,15605.42283
Finland,TEMPO#7,4826933,Europe,74.55,18533.15761
Finland,TEMPO#8,4931729,Europe,74.83,21141.01223
Finland,TEMPO#9,5041039,Europe,75.7,20647.16499
Finland,TEMPO#10,5134406,Europe,77.13,23723.9502
Finland,TEMPO#11,5193039,Europe,78.37,28204.59057
Finland,TEMPO#12,5238460,Europe,79.313,33207.0844
France,TEMPO#1,42459667,Europe,67.41,7029.809327
France,TEMPO#2,44310863,Europe,68.93,8662.834898
France,TEMPO#3,47124000,Europe,70.51,10560.48553
France,TEMPO#4,49569000,Europe,71.55,12999.91766
France,TEMPO#5,51732000,Europe,72.38,16107.19171
France,TEMPO#6,53165019,Europe,73.83,18292.63514
France,TEMPO#7,54433565,Europe,74.89,20293.89746
France,TEMPO#8,55630100,Europe,76.34,22066.44214
France,TEMPO#9,57374179,Europe,77.46,24703.79615
France,TEMPO#10,58623428,Europe,78.64,25889.78487
France,TEMPO#11,59925035,Europe,79.59,28926.03234
France,TEMPO#12,61083916,Europe,80.657,30470.0167
Gabon,TEMPO#1,420702,Africa,37.003,4293.476475
Gabon,TEMPO#2,434904,Africa,38.999,4976.198099
Gabon,TEMPO#3,455661,Africa,40.489,6631.459222
Gabon,TEMPO#4,489004,Africa,44.598,8358.76TEMPO 8
Gabon,TEMPO#5,537977,Africa,48.69,11401.94841
Gabon,TEMPO#6,706367,Africa,52.79,21745.57328
Gabon,TEMPO#7,753874,Africa,56.564,15113.36194
Gabon,TEMPO#8,880397,Africa,60.19,11864.40844
Gabon,TEMPO#9,985739,Africa,61.366,13522.15752
Gabon,TEMPO#10,1126189,Africa,60.461,14722.84188
Gabon,TEMPO#11,1299304,Africa,56.761,12521.71392
Gabon,TEMPO#12,1454867,Africa,56.735,13206.48452
Gambia,TEMPO#1,284320,Africa,30,485.2306591
Gambia,TEMPO#2,323150,Africa,32.065,520.9267111
Gambia,TEMPO#3,374020,Africa,33.896,599.650276
Gambia,TEMPO#4,439593,Africa,35.857,734.7829124
Gambia,TEMPO#5,517101,Africa,38.308,756.0868363
Gambia,TEMPO#6,608274,Africa,41.842,884.7552507
Gambia,TEMPO#7,715523,Africa,45.58,835.8096108
Gambia,TEMPO#8,848406,Africa,49.265,611.6588611
Gambia,TEMPO#9,1025384,Africa,52.644,665.6244126
Gambia,TEMPO#10,1235767,Africa,55.861,653.7301704
Gambia,TEMPO#11,1457766,Africa,58.041,660.5855997
Gambia,TEMPO#12,1688359,Africa,59.448,752.7497265
Germany,TEMPO#1,69145952,Europe,67.5,7144.114393
Germany,TEMPO#2,71019069,Europe,69.1,10187.82665
Germany,TEMPO#3,73739117,Europe,70.3,12902.46291
Germany,TEMPO#4,76368453,Europe,70.8,14745.62561
Germany,TEMPO#5,78717088,Europe,71,18016.18027
Germany,TEMPO#6,78160773,Europe,72.5,20512.92123
Germany,TEMPO#7,78335266,Europe,73.8,22031.53274
Germany,TEMPO#8,77718298,Europe,74.847,24639.18566
Germany,TEMPO#9,80597764,Europe,76.07,26505.30317
Germany,TEMPO#10,82011073,Europe,77.34,27788.88416
Germany,TEMPO#11,82350671,Europe,78.67,30035.80198
Germany,TEMPO#12,82400996,Europe,79.406,32170.37442
Ghana,TEMPO#1,5581001,Africa,43.149,911.2989371
Ghana,TEMPO#2,6391288,Africa,44.779,1043.561537
Ghana,TEMPO#3,7355248,Africa,46.452,1190.041118
Ghana,TEMPO#4,8490213,Africa,48.072,1125.69716
Ghana,TEMPO#5,9354120,Africa,49.875,1178.223708
Ghana,TEMPO#6,10538093,Africa,51.756,993.2239571
Ghana,TEMPO#7,11400338,Africa,53.744,876.032569
Ghana,TEMPO#8,14168101,Africa,55.729,847.0061135
Ghana,TEMPO#9,16278738,Africa,57.501,925.060154
Ghana,TEMPO#10,18418288,Africa,58.556,1005.245812
Ghana,TEMPO#11,20550751,Africa,58.453,1111.984578
Ghana,TEMPO#12,22873338,Africa,60.022,1327.60891
Greece,TEMPO#1,7733250,Europe,65.86,3530.690067
Greece,TEMPO#2,8096218,Europe,67.86,4916.299889
Greece,TEMPO#3,8448233,Europe,69.51,6017.190733
Greece,TEMPO#4,8716441,Europe,71,8513.097016
Greece,TEMPO#5,8888628,Europe,72.34,12724.82957
Greece,TEMPO#6,9308479,Europe,73.68,14195.52428
Greece,TEMPO#7,9786480,Europe,75.24,15268.42089
Greece,TEMPO#8,9974490,Europe,76.67,16120.52839
Greece,TEMPO#9,10325429,Europe,77.03,17541.49634
Greece,TEMPO#10,10502372,Europe,77.869,18747.69814
Greece,TEMPO#11,10603863,Europe,78.256,22514.2548
Greece,TEMPO#12,10706290,Europe,79.483,27538.41188
Guatemala,TEMPO#1,3146381,Americas,42.023,2428.237769
Guatemala,TEMPO#2,3640876,Americas,44.142,2617.155967
Guatemala,TEMPO#3,4208858,Americas,46.954,2750.364446
Guatemala,TEMPO#4,4690773,Americas,50.016,3242.531147
Guatemala,TEMPO#5,5149581,Americas,53.738,4031.408271
Guatemala,TEMPO#6,5703430,Americas,56.029,4879.992748
Guatemala,TEMPO#7,6395630,Americas,58.137,4820.49479
Guatemala,TEMPO#8,7326406,Americas,60.782,4246.485974
Guatemala,TEMPO#9,8486949,Americas,63.373,4439.45084
Guatemala,TEMPO#10,9803875,Americas,66.322,4684.313807
Guatemala,TEMPO#11,11178650,Americas,68.978,4858.347495
Guatemala,TEMPO#12,12572928,Americas,70.259,5186.050003
Guinea,TEMPO#1,2664249,Africa,33.609,510.1964923
Guinea,TEMPO#2,2876726,Africa,34.558,576.2670245
Guinea,TEMPO#3,3140003,Africa,35.753,686.3736739
Guinea,TEMPO#4,3451418,Africa,37.197,708.7595409
Guinea,TEMPO#5,3811387,Africa,38.842,741.6662307
Guinea,TEMPO#6,4227026,Africa,40.762,874.6858643
Guinea,TEMPO#7,4710497,Africa,42.891,857.2503577
Guinea,TEMPO#8,5650262,Africa,45.552,805.5724718
Guinea,TEMPO#9,6990574,Africa,48.576,794.3484384
Guinea,TEMPO#10,8048834,Africa,51.455,869.4497668
Guinea,TEMPO#11,8807818,Africa,53.676,945.5835837
Guinea,TEMPO#12,9947814,Africa,56.007,942.6542111
Guinea-Bissau,TEMPO#1,580653,Africa,32.5,299.850319
Guinea-Bissau,TEMPO#2,601095,Africa,33.489,431.7904566
Guinea-Bissau,TEMPO#3,627820,Africa,34.488,522.0343725
Guinea-Bissau,TEMPO#4,601287,Africa,35.492,715.5806402
Guinea-Bissau,TEMPO#5,625361,Africa,36.486,820.2245876
Guinea-Bissau,TEMPO#6,745228,Africa,37.465,764.7259628
Guinea-Bissau,TEMPO#7,825987,Africa,39.327,838.1239671
Guinea-Bissau,TEMPO#8,927524,Africa,41.245,736.4153921
Guinea-Bissau,TEMPO#9,1050938,Africa,43.266,745.5398706
Guinea-Bissau,TEMPO#10,1193708,Africa,44.873,796.6644681
Guinea-Bissau,TEMPO#11,1332459,Africa,45.504,575.7047176
Guinea-Bissau,TEMPO#12,1472041,Africa,46.388,579.231743
Haiti,TEMPO#1,3201488,Americas,37.579,1840.366939
Haiti,TEMPO#2,3507701,Americas,40.696,1726.887882
Haiti,TEMPO#3,3880130,Americas,43.59,1796.589032
Haiti,TEMPO#4,4318137,Americas,46.243,1452.057666
Haiti,TEMPO#5,4698301,Americas,48.042,1654.456946
Haiti,TEMPO#6,4908554,Americas,49.923,1874.298931
Haiti,TEMPO#7,5198399,Americas,51.461,2011.159549
Haiti,TEMPO#8,5756203,Americas,53.636,1823.015995
Haiti,TEMPO#9,6326682,Americas,55.089,1456.309517
Haiti,TEMPO#10,6913545,Americas,56.671,1341.726931
Haiti,TEMPO#11,7607651,Americas,58.137,1270.364932
Haiti,TEMPO#12,8502814,Americas,60.916,1201.637154
Honduras,TEMPO#1,1517453,Americas,41.912,2194.926204
Honduras,TEMPO#2,1770390,Americas,44.665,2220.487682
Honduras,TEMPO#3,2090162,Americas,48.041,2291.156835
Honduras,TEMPO#4,2500689,Americas,50.924,2538.269358
Honduras,TEMPO#5,2965146,Americas,53.884,2529.842345
Honduras,TEMPO#6,3055235,Americas,57.402,3203.208066
Honduras,TEMPO#7,3669448,Americas,60.909,3121.760794
Honduras,TEMPO#8,4372203,Americas,64.492,3023.096699
Honduras,TEMPO#9,5077347,Americas,66.399,3081.694603
Honduras,TEMPO#10,5867957,Americas,67.659,3160.454906
Honduras,TEMPO#11,6677328,Americas,68.565,3099.72866
Honduras,TEMPO#12,7483763,Americas,70.198,3548.330846
Hungary,TEMPO#1,9504000,Europe,64.03,5263.673816
Hungary,TEMPO#2,9839000,Europe,66.41,6040.180011
Hungary,TEMPO#3,10063000,Europe,67.96,7550.359877
Hungary,TEMPO#4,10223422,Europe,69.5,9326.64467
Hungary,TEMPO#5,10394091,Europe,69.76,10168.65611
Hungary,TEMPO#6,10637171,Europe,69.95,11674.83737
Hungary,TEMPO#7,10705535,Europe,69.39,12545.99066
Hungary,TEMPO#8,10612740,Europe,69.58,12986.47998
Hungary,TEMPO#9,10348684,Europe,69.17,10535.62855
Hungary,TEMPO#10,10244684,Europe,71.04,11712.7768
Hungary,TEMPO#11,10083313,Europe,72.59,14843.93556
Hungary,TEMPO#12,9956108,Europe,73.338,18008.94444
Iceland,TEMPO#1,147962,Europe,72.49,7267.688428
Iceland,TEMPO#2,165110,Europe,73.47,9244.001412
Iceland,TEMPO#3,182053,Europe,73.68,10350.15906
Iceland,TEMPO#4,198676,Europe,73.73,13319.89568
Iceland,TEMPO#5,209275,Europe,74.46,15798.06362
Iceland,TEMPO#6,221823,Europe,76.11,19654.96247
Iceland,TEMPO#7,233997,Europe,76.99,23269.6075
Iceland,TEMPO#8,244676,Europe,77.23,26923.20628
Iceland,TEMPO#9,259012,Europe,78.77,25144.39201
Iceland,TEMPO#10,271192,Europe,78.95,28061.09966
Iceland,TEMPO#11,288030,Europe,80.5,31163.20196
Iceland,TEMPO#12,301931,Europe,81.757,36180.78919
India,TEMPO#1,372000000,Asia,37.373,546.5657493
India,TEMPO#2,409000000,Asia,40.249,590.061996
India,TEMPO#3,454000000,Asia,43.605,658.3471509
India,TEMPO#4,506000000,Asia,47.193,700.7706107
India,TEMPO#5,567000000,Asia,50.651,724.032527
India,TEMPO#6,634000000,Asia,54.208,813.337323
India,TEMPO#7,708000000,Asia,56.596,855.7235377
India,TEMPO#8,788000000,Asia,58.553,976.5126756
India,TEMPO#9,872000000,Asia,60.223,1164.406809
India,TEMPO#10,959000000,Asia,61.765,1458.817442
India,TEMPO#11,1034172547,Asia,62.879,1746.769454
India,TEMPO#12,1110396331,Asia,64.698,2452.210407
Indonesia,TEMPO#1,82052000,Asia,37.468,749.6816546
Indonesia,TEMPO#2,90124000,Asia,39.918,858.9002707
Indonesia,TEMPO#3,99028000,Asia,42.518,849.2897701
Indonesia,TEMPO#4,109343000,Asia,45.964,762.4317721
Indonesia,TEMPO#5,121282000,Asia,49.203,1111.107907
Indonesia,TEMPO#6,136725000,Asia,52.702,1382.702056
Indonesia,TEMPO#7,153343000,Asia,56.159,1516.872988
Indonesia,TEMPO#8,169276000,Asia,60.137,1748.356961
Indonesia,TEMPO#9,184816000,Asia,62.681,2383.140898
Indonesia,TEMPO#10,TEMPO 978000,Asia,66.041,3119.335603
Indonesia,TEMPO#11,211060000,Asia,68.588,2873.91287
Indonesia,TEMPO#12,223547000,Asia,70.65,3540.651564
Iran,TEMPO#1,17272000,Asia,44.869,3035.326002
Iran,TEMPO#2,19792000,Asia,47.181,3290.257643
Iran,TEMPO#3,22874000,Asia,49.325,4187.329802
Iran,TEMPO#4,26538000,Asia,52.469,5906.731805
Iran,TEMPO#5,30614000,Asia,55.234,9613.818607
Iran,TEMPO#6,35480679,Asia,57.702,11888.59508
Iran,TEMPO#7,43072751,Asia,59.62,7608.334602
Iran,TEMPO#8,51889696,Asia,63.04,6642.881371
Iran,TEMPO#9,60397973,Asia,65.742,7235.653188
Iran,TEMPO#10,63327987,Asia,68.042,8263.590301
Iran,TEMPO#11,66907826,Asia,69.451,9240.761975
Iran,TEMPO#12,69453570,Asia,70.964,11605.71449
Iraq,TEMPO#1,5441766,Asia,45.32,4129.766056
Iraq,TEMPO#2,6248643,Asia,48.437,6229.333562
Iraq,TEMPO#3,7240260,Asia,51.457,8341.737815
Iraq,TEMPO#4,8519282,Asia,54.459,8931.459811
Iraq,TEMPO#5,10061506,Asia,56.95,9576.037596
Iraq,TEMPO#6,11882916,Asia,60.413,14688.23507
Iraq,TEMPO#7,14173318,Asia,62.038,14517.90711
Iraq,TEMPO#8,16543189,Asia,65.044,11643.57268
Iraq,TEMPO#9,17861905,Asia,59.461,3745.640687
Iraq,TEMPO#10,20775703,Asia,58.811,3076.239795
Iraq,TEMPO#11,24001816,Asia,57.046,4390.717312
Iraq,TEMPO#12,27499638,Asia,59.545,4471.061906
Ireland,TEMPO#1,2952156,Europe,66.91,5210.280328
Ireland,TEMPO#2,2878220,Europe,68.9,5599.077872
Ireland,TEMPO#3,2830000,Europe,70.29,6631.597314
Ireland,TEMPO#4,2900100,Europe,71.08,7655.568963
Ireland,TEMPO#5,3024400,Europe,71.28,9530.772896
Ireland,TEMPO#6,3271900,Europe,72.03,11150.98113
Ireland,TEMPO#7,3480000,Europe,73.1,12618.32141
Ireland,TEMPO#8,3539900,Europe,74.36,13872.86652
Ireland,TEMPO#9,3557761,Europe,75.467,17558.81555
Ireland,TEMPO#10,3667233,Europe,76.122,24521.94713
Ireland,TEMPO#11,3879155,Europe,77.783,34077.04939
Ireland,TEMPO#12,4109086,Europe,78.885,40675.99635
Israel,TEMPO#1,1620914,Asia,65.39,4086.522128
Israel,TEMPO#2,1944401,Asia,67.84,5385.278451
Israel,TEMPO#3,2310904,Asia,69.39,7105.630706
Israel,TEMPO#4,2693585,Asia,70.75,8393.741404
Israel,TEMPO#5,3095893,Asia,71.63,12786.93223
Israel,TEMPO#6,3495918,Asia,73.06,13306.61921
Israel,TEMPO#7,3858421,Asia,74.45,15367.0292
Israel,TEMPO#8,4203148,Asia,75.6,17122.47986
Israel,TEMPO#9,4936550,Asia,76.93,18051.52254
Israel,TEMPO#10,5531387,Asia,78.269,20896.60924
Israel,TEMPO#11,6029529,Asia,79.696,21905.59514
Israel,TEMPO#12,6426679,Asia,80.745,25523.2771
Italy,TEMPO#1,47666000,Europe,65.94,4931.404155
Italy,TEMPO#2,49182000,Europe,67.81,6248.656232
Italy,TEMPO#3,50843200,Europe,69.24,8243.58234
Italy,TEMPO#4,52667100,Europe,71.06,10022.40131
Italy,TEMPO#5,54365564,Europe,72.19,12269.27378
Italy,TEMPO#6,56059245,Europe,73.48,14255.98475
Italy,TEMPO#7,56535636,Europe,74.98,16537.4835
Italy,TEMPO#8,56729703,Europe,76.42,19207.23482
Italy,TEMPO#9,56840847,Europe,77.44,22013.64486
Italy,TEMPO#10,57479469,Europe,78.82,24675.02446
Italy,TEMPO#11,57926999,Europe,80.24,27968.09817
Italy,TEMPO#12,58147733,Europe,80.546,28569.7197
Jamaica,TEMPO#1,1426095,Americas,58.53,2898.530881
Jamaica,TEMPO#2,1535090,Americas,62.61,4756.525781
Jamaica,TEMPO#3,1665128,Americas,65.61,5246.107524
Jamaica,TEMPO#4,1861096,Americas,67.51,6124.703451
Jamaica,TEMPO#5,TEMPO#10616,Americas,69,7433.889293
Jamaica,TEMPO#6,2156814,Americas,70.11,6650.195573
Jamaica,TEMPO#7,2298309,Americas,71.21,6068.05135
Jamaica,TEMPO#8,2326606,Americas,71.77,6351.237495
Jamaica,TEMPO#9,2378618,Americas,71.766,7404.923685
Jamaica,TEMPO#10,2531311,Americas,72.262,7121.924704
Jamaica,TEMPO#11,2664659,Americas,72.047,6994.774861
Jamaica,TEMPO#12,2780132,Americas,72.567,7320.880262
Japan,TEMPO#1,86459025,Asia,63.03,3216.956347
Japan,TEMPO#2,91563009,Asia,65.5,4317.694365
Japan,TEMPO#3,95831757,Asia,68.73,6576.649461
Japan,TEMPO#4,100825279,Asia,71.43,9847.788607
Japan,TEMPO#5,107188273,Asia,73.42,14778.78636
Japan,TEMPO#6,113872473,Asia,75.38,16610.37701
Japan,TEMPO#7,118454974,Asia,77.11,19384.10571
Japan,TEMPO#8,122091325,Asia,78.67,22375.94189
Japan,TEMPO#9,124329269,Asia,79.36,26824.89511
Japan,TEMPO#10,125956499,Asia,80.69,28816.58499
Japan,TEMPO#11,127065841,Asia,82,28604.5919
Japan,TEMPO#12,127467972,Asia,82.603,31656.06806
Jordan,TEMPO#1,607914,Asia,43.158,1546.907807
Jordan,TEMPO#2,746559,Asia,45.669,1886.080591
Jordan,TEMPO#3,933559,Asia,48.126,2348.009158
Jordan,TEMPO#4,1255058,Asia,51.629,2741.796252
Jordan,TEMPO#5,1613551,Asia,56.528,2110.856309
Jordan,TEMPO#6,1937652,Asia,61.134,2852.351568
Jordan,TEMPO#7,2347031,Asia,63.739,4161.415959
Jordan,TEMPO#8,2820042,Asia,65.869,4448.679912
Jordan,TEMPO#9,3867409,Asia,68.015,3431.593647
Jordan,TEMPO#10,4526235,Asia,69.772,3645.379572
Jordan,TEMPO#11,5307470,Asia,71.263,3844.917194
Jordan,TEMPO#12,6053193,Asia,72.535,4519.461171
Kenya,TEMPO#1,6464046,Africa,42.27,853.540919
Kenya,TEMPO#2,7454779,Africa,44.686,944.4383152
Kenya,TEMPO#3,8678557,Africa,47.949,896.9663732
Kenya,TEMPO#4,10191512,Africa,50.654,1056.736457
Kenya,TEMPO#5,12044785,Africa,53.559,1222.359968
Kenya,TEMPO#6,14500404,Africa,56.155,1267.613204
Kenya,TEMPO#7,17661452,Africa,58.766,1348.225791
Kenya,TEMPO#8,21198082,Africa,59.339,1361.936856
Kenya,TEMPO#9,25020539,Africa,59.285,1341.921721
Kenya,TEMPO#10,28263827,Africa,54.407,1360.485021
Kenya,TEMPO#11,31386842,Africa,50.992,1287.514732
Kenya,TEMPO#12,35610177,Africa,54.11,1463.249282
Kuwait,TEMPO#1,160000,Asia,55.565,108382.3529
Kuwait,TEMPO#2,212846,Asia,58.033,113523.1329
Kuwait,TEMPO#3,358266,Asia,60.47,95458.11176
Kuwait,TEMPO#4,575003,Asia,64.624,80894.88326
Kuwait,TEMPO#5,841934,Asia,67.712,109347.867
Kuwait,TEMPO#6,1140357,Asia,69.343,59265.47714
Kuwait,TEMPO#7,1497494,Asia,71.309,31354.03573
Kuwait,TEMPO#8,1891487,Asia,74.174,28118.42998
Kuwait,TEMPO#9,1418095,Asia,75.19,34932.91959
Kuwait,TEMPO#10,1765345,Asia,76.156,40300.61996
Kuwait,TEMPO#11,2111561,Asia,76.904,35110.10566
Kuwait,TEMPO#12,2505559,Asia,77.588,47306.98978
Lebanon,TEMPO#1,1439529,Asia,55.928,4834.804067
Lebanon,TEMPO#2,1647412,Asia,59.489,6089.786934
Lebanon,TEMPO#3,1886848,Asia,62.094,5714.560611
Lebanon,TEMPO#4,2186894,Asia,63.87,6006.983042
Lebanon,TEMPO#5,2680018,Asia,65.421,7486.384341
Lebanon,TEMPO#6,3115787,Asia,66.099,8659.696836
Lebanon,TEMPO#7,3086876,Asia,66.983,7640.5TEMPO#11
Lebanon,TEMPO#8,3089353,Asia,67.926,5377.091329
Lebanon,TEMPO#9,3219994,Asia,69.292,6890.806854
Lebanon,TEMPO#10,3430388,Asia,70.265,8754.96385
Lebanon,TEMPO#11,3677780,Asia,71.028,9313.93883
Lebanon,TEMPO#12,3921278,Asia,71.993,10461.05868
Lesotho,TEMPO#1,748747,Africa,42.138,298.8462121
Lesotho,TEMPO#2,813338,Africa,45.047,335.9971151
Lesotho,TEMPO#3,893143,Africa,47.747,411.8006266
Lesotho,TEMPO#4,996380,Africa,48.492,498.6390265
Lesotho,TEMPO#5,1116779,Africa,49.767,496.5815922
Lesotho,TEMPO#6,1251524,Africa,52.208,745.3695408
Lesotho,TEMPO#7,1411807,Africa,55.078,797.2631074
Lesotho,TEMPO#8,1599200,Africa,57.18,773.9932141
Lesotho,TEMPO#9,1803195,Africa,59.685,977.4862725
Lesotho,TEMPO#10,TEMPO 7823,Africa,55.558,1186.147994
Lesotho,TEMPO#11,2046772,Africa,44.593,1275.184575
Lesotho,TEMPO#12,2012649,Africa,42.592,1569.331442
Liberia,TEMPO#1,863308,Africa,38.48,575.5729961
Liberia,TEMPO#2,975950,Africa,39.486,620.9699901
Liberia,TEMPO#3,1112796,Africa,40.502,634.1951625
Liberia,TEMPO#4,1279406,Africa,41.536,713.6036483
Liberia,TEMPO#5,1482628,Africa,42.614,803.0054535
Liberia,TEMPO#6,1703617,Africa,43.764,640.3224383
Liberia,TEMPO#7,1956875,Africa,44.852,572.1995694
Liberia,TEMPO#8,2269414,Africa,46.027,506.1138573
Liberia,TEMPO#9,1912974,Africa,40.802,636.6229191
Liberia,TEMPO#10,2TEMPO#1225,Africa,42.221,609.1739508
Liberia,TEMPO#11,2814651,Africa,43.753,531.4823679
Liberia,TEMPO#12,3193942,Africa,45.678,414.5073415
Libya,TEMPO#1,10TEMPO 59,Africa,42.723,2387.54806
Libya,TEMPO#2,1201578,Africa,45.289,3448.284395
Libya,TEMPO#3,1441863,Africa,47.808,6757.030816
Libya,TEMPO#4,1759224,Africa,50.227,18772.75169
Libya,TEMPO#5,2183877,Africa,52.773,21011.49721
Libya,TEMPO#6,2721783,Africa,57.442,21951.21176
Libya,TEMPO#7,3344074,Africa,62.155,17364.27538
Libya,TEMPO#8,3799845,Africa,66.234,11770.5898
Libya,TEMPO#9,4364501,Africa,68.755,9640.138501
Libya,TEMPO#10,4759670,Africa,71.555,9467.446056
Libya,TEMPO#11,5368585,Africa,72.737,9534.677467
Libya,TEMPO#12,6036914,Africa,73.952,12057.49928
Madagascar,TEMPO#1,4762912,Africa,36.681,1443.011715
Madagascar,TEMPO#2,5181679,Africa,38.865,1589.20275
Madagascar,TEMPO#3,5703324,Africa,40.848,1643.38711
Madagascar,TEMPO#4,6334556,Africa,42.881,1634.047282
Madagascar,TEMPO#5,7082430,Africa,44.851,1748.562982
Madagascar,TEMPO#6,8007166,Africa,46.881,1544.228586
Madagascar,TEMPO#7,9171477,Africa,48.969,1302.878658
Madagascar,TEMPO#8,10568642,Africa,49.35,1155.441948
Madagascar,TEMPO#9,12210395,Africa,52.214,1040.67619
Madagascar,TEMPO#10,14165114,Africa,54.978,986.2958956
Madagascar,TEMPO#11,16473477,Africa,57.286,894.6370822
Madagascar,TEMPO#12,19167654,Africa,59.443,1044.770126
Malawi,TEMPO#1,2917802,Africa,36.256,369.1650802
Malawi,TEMPO#2,3221238,Africa,37.207,416.3698064
Malawi,TEMPO#3,3628608,Africa,38.41,427.9010856
Malawi,TEMPO#4,4147252,Africa,39.487,495.5147806
Malawi,TEMPO#5,4730997,Africa,41.766,584.6219709
Malawi,TEMPO#6,5637246,Africa,43.767,663.2236766
Malawi,TEMPO#7,6502825,Africa,45.642,632.8039209
Malawi,TEMPO#8,7824747,Africa,47.457,635.5173634
Malawi,TEMPO#9,10014249,Africa,49.42,563.2000145
Malawi,TEMPO#10,10419991,Africa,47.495,692.2758103
Malawi,TEMPO#11,11824495,Africa,45.009,665.4231186
Malawi,TEMPO#12,13327079,Africa,48.303,759.3499101
Malaysia,TEMPO#1,6748378,Asia,48.463,1831.132894
Malaysia,TEMPO#2,7739235,Asia,52.102,1810.066992
Malaysia,TEMPO#3,8906385,Asia,55.737,2036.884944
Malaysia,TEMPO#4,10154878,Asia,59.371,2277.742396
Malaysia,TEMPO#5,11441462,Asia,63.01,2849.09478
Malaysia,TEMPO#6,12845381,Asia,65.256,3827.921571
Malaysia,TEMPO#7,14441916,Asia,68,4920.355951
Malaysia,TEMPO#8,16331785,Asia,69.5,5249.802653
Malaysia,TEMPO#9,18319502,Asia,70.693,7277.912802
Malaysia,TEMPO#10,20476091,Asia,71.938,10132.90964
Malaysia,TEMPO#11,22662365,Asia,73.044,10206.97794
Malaysia,TEMPO#12,24821286,Asia,74.241,12451.6558
Mali,TEMPO#1,3838168,Africa,33.685,452.3369807
Mali,TEMPO#2,4241884,Africa,35.307,490.3821867
Mali,TEMPO#3,4690372,Africa,36.936,496.1743428
Mali,TEMPO#4,5212416,Africa,38.487,545.0098873
Mali,TEMPO#5,5828158,Africa,39.977,581.3688761
Mali,TEMPO#6,6491649,Africa,41.714,686.3952693
Mali,TEMPO#7,6998256,Africa,43.916,618.0140641
Mali,TEMPO#8,7634008,Africa,46.364,684.1715576
Mali,TEMPO#9,8416215,Africa,48.388,739.014375
Mali,TEMPO#10,9384984,Africa,49.903,790.2579846
Mali,TEMPO#11,10580176,Africa,51.818,951.4097518
Mali,TEMPO#12,12031795,Africa,54.467,1042.581557
Mauritania,TEMPO#1,1022556,Africa,40.543,743.1159097
Mauritania,TEMPO#2,1076852,Africa,42.338,846.1202613
Mauritania,TEMPO#3,1146757,Africa,44.248,1055.896036
Mauritania,TEMPO#4,1230542,Africa,46.289,1421.145193
Mauritania,TEMPO#5,1332786,Africa,48.437,1586.851781
Mauritania,TEMPO#6,1456688,Africa,50.852,1497.492223
Mauritania,TEMPO#7,1622136,Africa,53.599,1481.150189
Mauritania,TEMPO#8,1841240,Africa,56.145,1421.603576
Mauritania,TEMPO#9,2119465,Africa,58.333,1361.369784
Mauritania,TEMPO#10,2444741,Africa,60.43,1483.136136
Mauritania,TEMPO#11,2828858,Africa,62.247,1579.019543
Mauritania,TEMPO#12,3270065,Africa,64.164,1803.151496
Mauritius,TEMPO#1,516556,Africa,50.986,TEMPO 4.955707
Mauritius,TEMPO#2,609816,Africa,58.089,2034.037981
Mauritius,TEMPO#3,701016,Africa,60.246,2529.067487
Mauritius,TEMPO#4,789309,Africa,61.557,2475.387562
Mauritius,TEMPO#5,851334,Africa,62.944,2575.484158
Mauritius,TEMPO#6,913025,Africa,64.93,3710.982963
Mauritius,TEMPO#7,992040,Africa,66.711,3688.037739
Mauritius,TEMPO#8,1042663,Africa,68.74,4783.586903
Mauritius,TEMPO#9,1096202,Africa,69.745,6058.253846
Mauritius,TEMPO#10,1149818,Africa,70.736,7425.705295
Mauritius,TEMPO#11,1TEMPO#1106,Africa,71.954,9021.815894
Mauritius,TEMPO#12,1250882,Africa,72.801,10956.99112
Mexico,TEMPO#1,30144317,Americas,50.789,3478.125529
Mexico,TEMPO#2,35015548,Americas,55.19,4131.546641
Mexico,TEMPO#3,41121485,Americas,58.299,4581.609385
Mexico,TEMPO#4,47995559,Americas,60.11,5754.733883
Mexico,TEMPO#5,55984294,Americas,62.361,6809.40669
Mexico,TEMPO#6,63759976,Americas,65.032,7674.929108
Mexico,TEMPO#7,71640904,Americas,67.405,9611.147541
Mexico,TEMPO#8,80122492,Americas,69.498,8688.156003
Mexico,TEMPO#9,88111030,Americas,71.455,9472.384295
Mexico,TEMPO#10,95895146,Americas,73.67,9767.29753
Mexico,TEMPO#11,102479927,Americas,74.902,10742.44053
Mexico,TEMPO#12,108700891,Americas,76.195,1TEMPO 6.57496
Mongolia,TEMPO#1,800663,Asia,42.244,786.5668575
Mongolia,TEMPO#2,882134,Asia,45.248,912.6626085
Mongolia,TEMPO#3,1010280,Asia,48.251,1056.353958
Mongolia,TEMPO#4,1149500,Asia,51.253,1226.04113
Mongolia,TEMPO#5,1320500,Asia,53.754,1421.741975
Mongolia,TEMPO#6,1528000,Asia,55.491,1647.511665
Mongolia,TEMPO#7,1756032,Asia,57.489,2000.603139
Mongolia,TEMPO#8,2015133,Asia,60.222,2338.008304
Mongolia,TEMPO#9,2312802,Asia,61.271,1785.402016
Mongolia,TEMPO#10,2494803,Asia,63.625,1902.2521
Mongolia,TEMPO#11,2674234,Asia,65.033,2140.739323
Mongolia,TEMPO#12,2874127,Asia,66.803,3095.772271
Montenegro,TEMPO#1,413834,Europe,59.164,2647.585601
Montenegro,TEMPO#2,442829,Europe,61.448,3682.259903
Montenegro,TEMPO#3,474528,Europe,63.728,4649.593785
Montenegro,TEMPO#4,501035,Europe,67.178,5907.850937
Montenegro,TEMPO#5,527678,Europe,70.636,7778.414017
Montenegro,TEMPO#6,560073,Europe,73.066,9595.929905
Montenegro,TEMPO#7,562548,Europe,74.101,11222.58762
Montenegro,TEMPO#8,569473,Europe,74.865,11732.51017
Montenegro,TEMPO#9,621621,Europe,75.435,7003.339037
Montenegro,TEMPO#10,692651,Europe,75.445,6465.613349
Montenegro,TEMPO#11,720230,Europe,73.981,6557.194282
Montenegro,TEMPO#12,684736,Europe,74.543,9253.896111
Morocco,TEMPO#1,9939217,Africa,42.873,1688.20357
Morocco,TEMPO#2,11406350,Africa,45.423,1642.002314
Morocco,TEMPO#3,13056604,Africa,47.924,1566.353493
Morocco,TEMPO#4,14770296,Africa,50.335,1711.04477
Morocco,TEMPO#5,16660670,Africa,52.862,1930.194975
Morocco,TEMPO#6,18396941,Africa,55.73,2370.6TEMPO#106
Morocco,TEMPO#7,20TEMPO 830,Africa,59.65,2702.620356
Morocco,TEMPO#8,22987397,Africa,62.677,2755.046991
Morocco,TEMPO#9,25798239,Africa,65.393,2948.047252
Morocco,TEMPO#10,28529501,Africa,67.66,2982.101858
Morocco,TEMPO#11,31167783,Africa,69.615,3258.495584
Morocco,TEMPO#12,33757175,Africa,71.164,3820.17523
Mozambique,TEMPO#1,6446316,Africa,31.286,468.5260381
Mozambique,TEMPO#2,7038035,Africa,33.779,495.5868333
Mozambique,TEMPO#3,7788944,Africa,36.161,556.6863539
Mozambique,TEMPO#4,8680909,Africa,38.113,566.6691539
Mozambique,TEMPO#5,9809596,Africa,40.328,724.9178037
Mozambique,TEMPO#6,11127868,Africa,42.495,502.3197334
Mozambique,TEMPO#7,12587223,Africa,42.795,462.2114149
Mozambique,TEMPO#8,1289TEMPO#1,Africa,42.861,389.8761846
Mozambique,TEMPO#9,13160731,Africa,44.284,410.8968239
Mozambique,TEMPO#10,16603334,Africa,46.344,472.3460771
Mozambique,TEMPO#11,18473780,Africa,44.026,633.6179466
Mozambique,TEMPO#12,19951656,Africa,42.082,823.6856205
Myanmar,TEMPO#1,20092996,Asia,36.319,331
Myanmar,TEMPO#2,21731844,Asia,41.905,350
Myanmar,TEMPO#3,23634436,Asia,45.108,388
Myanmar,TEMPO#4,25870271,Asia,49.379,349
Myanmar,TEMPO#5,28466390,Asia,53.07,357
Myanmar,TEMPO#6,31528087,Asia,56.059,371
Myanmar,TEMPO#7,34680442,Asia,58.056,424
Myanmar,TEMPO#8,38028578,Asia,58.339,385
Myanmar,TEMPO#9,40546538,Asia,59.32,347
Myanmar,TEMPO#10,43247867,Asia,60.328,415
Myanmar,TEMPO#11,45598081,Asia,59.908,611
Myanmar,TEMPO#12,47761980,Asia,62.069,944
Namibia,TEMPO#1,485831,Africa,41.725,2423.780443
Namibia,TEMPO#2,548080,Africa,45.226,2621.448058
Namibia,TEMPO#3,621392,Africa,48.386,3173.215595
Namibia,TEMPO#4,706640,Africa,51.159,3793.694753
Namibia,TEMPO#5,821782,Africa,53.867,3746.080948
Namibia,TEMPO#6,977026,Africa,56.437,3876.485958
Namibia,TEMPO#7,1099010,Africa,58.968,4191.100511
Namibia,TEMPO#8,1278184,Africa,60.835,3693.731337
Namibia,TEMPO#9,1554253,Africa,61.999,3804.537999
Namibia,TEMPO#10,1774766,Africa,58.909,3899.52426
Namibia,TEMPO#11,TEMPO 5153,Africa,51.479,4072.324751
Namibia,TEMPO#12,2055080,Africa,52.906,4811.060429
Nepal,TEMPO#1,9182536,Asia,36.157,545.8657229
Nepal,TEMPO#2,9682338,Asia,37.686,597.9363558
Nepal,TEMPO#3,10332057,Asia,39.393,652.3968593
Nepal,TEMPO#4,11261690,Asia,41.472,676.4422254
Nepal,TEMPO#5,12412593,Asia,43.971,674.7881296
Nepal,TEMPO#6,13933198,Asia,46.748,694.1124398
Nepal,TEMPO#7,15796314,Asia,49.594,718.3730947
Nepal,TEMPO#8,17917180,Asia,52.537,775.6324501
Nepal,TEMPO#9,20326209,Asia,55.727,897.7403604
Nepal,TEMPO#10,23001113,Asia,59.426,1010.892138
Nepal,TEMPO#11,25873917,Asia,61.34,1057.206311
Nepal,TEMPO#12,28901790,Asia,63.785,1091.359778
Netherlands,TEMPO#1,10381988,Europe,72.13,8941.571858
Netherlands,TEMPO#2,11026383,Europe,72.99,11276.19344
Netherlands,TEMPO#3,11805689,Europe,73.23,12790.84956
Netherlands,TEMPO#4,12596822,Europe,73.82,15363.25136
Netherlands,TEMPO#5,13329874,Europe,73.75,18794.74567
Netherlands,TEMPO#6,13852989,Europe,75.24,21209.0592
Netherlands,TEMPO#7,14310401,Europe,76.05,21399.46046
Netherlands,TEMPO#8,14665278,Europe,76.83,23651.32361
Netherlands,TEMPO#9,15174244,Europe,77.42,26790.94961
Netherlands,TEMPO#10,15604464,Europe,78.03,30246.13063
Netherlands,TEMPO#11,16122830,Europe,78.53,33724.75778
Netherlands,TEMPO#12,16570613,Europe,79.762,36797.93332
New Zealand,TEMPO#1,1994794,Oceania,69.39,10556.57566
New Zealand,TEMPO#2,2229407,Oceania,70.26,12247.39532
New Zealand,TEMPO#3,2488550,Oceania,71.24,13175.678
New Zealand,TEMPO#4,2728150,Oceania,71.52,14463.91893
New Zealand,TEMPO#5,2929100,Oceania,71.89,16046.03728
New Zealand,TEMPO#6,3164900,Oceania,72.22,16233.7177
New Zealand,TEMPO#7,3210650,Oceania,73.84,17632.4104
New Zealand,TEMPO#8,3317166,Oceania,74.32,19007.19129
New Zealand,TEMPO#9,3437674,Oceania,76.33,18363.32494
New Zealand,TEMPO#10,3676187,Oceania,77.55,21050.41377
New Zealand,TEMPO#11,3908037,Oceania,79.11,23189.80135
New Zealand,TEMPO#12,4115771,Oceania,80.204,25185.00911
Nicaragua,TEMPO#1,1165790,Americas,42.314,3112.363948
Nicaragua,TEMPO#2,1358828,Americas,45.432,3457.415947
Nicaragua,TEMPO#3,1590597,Americas,48.632,3634.364406
Nicaragua,TEMPO#4,1865490,Americas,51.884,4643.393534
Nicaragua,TEMPO#5,2182908,Americas,55.151,4688.593267
Nicaragua,TEMPO#6,2554598,Americas,57.47,5486.371089
Nicaragua,TEMPO#7,2979423,Americas,59.298,3470.338156
Nicaragua,TEMPO#8,3344353,Americas,62.008,2955.984375
Nicaragua,TEMPO#9,4017939,Americas,65.843,2170.151724
Nicaragua,TEMPO#10,4609572,Americas,68.426,2253.023004
Nicaragua,TEMPO#11,5146848,Americas,70.836,2474.548819
Nicaragua,TEMPO#12,5675356,Americas,72.899,2749.320965
Niger,TEMPO#1,3379468,Africa,37.444,761.879376
Niger,TEMPO#2,3692184,Africa,38.598,835.5234025
Niger,TEMPO#3,4076008,Africa,39.487,997.7661127
Niger,TEMPO#4,4534062,Africa,40.118,1054.384891
Niger,TEMPO#5,5060262,Africa,40.546,954.2092363
Niger,TEMPO#6,5682086,Africa,41.291,808.8970728
Niger,TEMPO#7,6437188,Africa,42.598,909.7221354
Niger,TEMPO#8,7332638,Africa,44.555,668.3000228
Niger,TEMPO#9,8392818,Africa,47.391,581.182725
Niger,TEMPO#10,9666252,Africa,51.313,580.3052092
Niger,TEMPO#11,11140655,Africa,54.496,601.0745012
Niger,TEMPO#12,12894865,Africa,56.867,619.6768924
Nigeria,TEMPO#1,33119096,Africa,36.324,1077.281856
Nigeria,TEMPO#2,37173340,Africa,37.802,1100.592563
Nigeria,TEMPO#3,41871351,Africa,39.36,1150.927478
Nigeria,TEMPO#4,47287752,Africa,41.04,1014.514104
Nigeria,TEMPO#5,53740085,Africa,42.821,1698.388838
Nigeria,TEMPO#6,62209173,Africa,44.514,1981.951806
Nigeria,TEMPO#7,73039376,Africa,45.826,1576.97375
Nigeria,TEMPO#8,81551520,Africa,46.886,1385.029563
Nigeria,TEMPO#9,93364244,Africa,47.472,1619.848217
Nigeria,TEMPO#10,106207839,Africa,47.464,1624.941275
Nigeria,TEMPO#11,119901274,Africa,46.608,1615.286395
Nigeria,TEMPO#12,135031164,Africa,46.859,2013.977305
Norway,TEMPO#1,3327728,Europe,72.67,10095.42172
Norway,TEMPO#2,3491938,Europe,73.44,11653.97304
Norway,TEMPO#3,3638919,Europe,73.47,13450.40151
Norway,TEMPO#4,3786019,Europe,74.08,16361.87647
Norway,TEMPO#5,3933004,Europe,74.34,18965.05551
Norway,TEMPO#6,4043205,Europe,75.37,23311.34939
Norway,TEMPO#7,4114787,Europe,75.97,26298.63531
Norway,TEMPO#8,4186147,Europe,75.89,31540.9748
Norway,TEMPO#9,4286357,Europe,77.32,33965.66115
Norway,TEMPO#10,4405672,Europe,78.32,41283.16433
Norway,TEMPO#11,4535591,Europe,79.05,44683.97525
Norway,TEMPO#12,4627926,Europe,80.196,49357.19017
Oman,TEMPO#1,507833,Asia,37.578,1828.230307
Oman,TEMPO#2,56TEMPO#6,Asia,40.08,2242.746551
Oman,TEMPO#3,628164,Asia,43.165,2924.638113
Oman,TEMPO#4,714775,Asia,46.988,4720.942687
Oman,TEMPO#5,829050,Asia,52.143,10618.03855
Oman,TEMPO#6,1004533,Asia,57.367,11848.34392
Oman,TEMPO#7,1301048,Asia,62.728,12954.79101
Oman,TEMPO#8,1593882,Asia,67.734,18115.22313
Oman,TEMPO#9,1915208,Asia,71.197,18616.70691
Oman,TEMPO#10,2283635,Asia,72.499,19702.05581
Oman,TEMPO#11,2713462,Asia,74.193,TEMPO 64.83687
Oman,TEMPO#12,3204897,Asia,75.64,22316.19287
Pakistan,TEMPO#1,41346560,Asia,43.436,684.5971438
Pakistan,TEMPO#2,46679944,Asia,45.557,747.0835292
Pakistan,TEMPO#3,53100671,Asia,47.67,803.3427418
Pakistan,TEMPO#4,60641899,Asia,49.8,942.4082588
Pakistan,TEMPO#5,69325921,Asia,51.929,1049.938981
Pakistan,TEMPO#6,78152686,Asia,54.043,1175.921193
Pakistan,TEMPO#7,91462088,Asia,56.158,1443.429832
Pakistan,TEMPO#8,105186881,Asia,58.245,1704.686583
Pakistan,TEMPO#9,120065004,Asia,60.838,1971.829464
Pakistan,TEMPO#10,135564834,Asia,61.818,2049.350521
Pakistan,TEMPO#11,153403524,Asia,63.61,2092.712441
Pakistan,TEMPO#12,169270617,Asia,65.483,2605.94758
Panama,TEMPO#1,940080,Americas,55.191,2480.380334
Panama,TEMPO#2,1063506,Americas,59.201,2961.800905
Panama,TEMPO#3,1215725,Americas,61.817,3536.540301
Panama,TEMPO#4,1405486,Americas,64.071,4421.009084
Panama,TEMPO#5,1616384,Americas,66.216,5364.249663
Panama,TEMPO#6,1839782,Americas,68.681,5351.912144
Panama,TEMPO#7,2036305,Americas,70.472,7009.601598
Panama,TEMPO#8,2253639,Americas,71.523,7034.779161
Panama,TEMPO#9,2484997,Americas,72.462,6618.74305
Panama,TEMPO#10,2734531,Americas,73.738,7113.692252
Panama,TEMPO#11,2990875,Americas,74.712,7356.031934
Panama,TEMPO#12,3242173,Americas,75.537,9809.185636
Paraguay,TEMPO#1,1555876,Americas,62.649,TEMPO 1.308701
Paraguay,TEMPO#2,1770902,Americas,63.196,2046.154706
Paraguay,TEMPO#3,2009813,Americas,64.361,2148.027146
Paraguay,TEMPO#4,2287985,Americas,64.951,2299.376311
Paraguay,TEMPO#5,2614104,Americas,65.815,2523.337977
Paraguay,TEMPO#6,2984494,Americas,66.353,3248.373311
Paraguay,TEMPO#7,3366439,Americas,66.874,4258.503604
Paraguay,TEMPO#8,3886512,Americas,67.378,3998.875695
Paraguay,TEMPO#9,4483945,Americas,68.225,4196.411078
Paraguay,TEMPO#10,5154123,Americas,69.4,4247.400261
Paraguay,TEMPO#11,5884491,Americas,70.755,3783.674243
Paraguay,TEMPO#12,6667147,Americas,71.752,4172.838464
Peru,TEMPO#1,8025700,Americas,43.902,3758.523437
Peru,TEMPO#2,9146100,Americas,46.263,4245.256698
Peru,TEMPO#3,10516500,Americas,49.096,4957.037982
Peru,TEMPO#4,12132200,Americas,51.445,5788.09333
Peru,TEMPO#5,13954700,Americas,55.448,5937.827283
Peru,TEMPO#6,15990099,Americas,58.447,6281.290855
Peru,TEMPO#7,18125129,Americas,61.406,6434.501797
Peru,TEMPO#8,20195924,Americas,64.134,6360.943444
Peru,TEMPO#9,22430449,Americas,66.458,4446.380924
Peru,TEMPO#10,24748122,Americas,68.386,5838.347657
Peru,TEMPO#11,26769436,Americas,69.906,5909.0TEMPO#123
Peru,TEMPO#12,28674757,Americas,71.421,7408.905561
Philippines,TEMPO#1,22438691,Asia,47.752,1272.880995
Philippines,TEMPO#2,26072194,Asia,51.334,1547.944844
Philippines,TEMPO#3,30325264,Asia,54.757,1649.552153
Philippines,TEMPO#4,35356600,Asia,56.393,1814.12743
Philippines,TEMPO#5,40850141,Asia,58.065,1989.37407
Philippines,TEMPO#6,46850962,Asia,60.06,2373.204287
Philippines,TEMPO#7,53456774,Asia,62.082,2603.273765
Philippines,TEMPO#8,60017788,Asia,64.151,2189.634995
Philippines,TEMPO#9,67185766,Asia,66.458,2279.324017
Philippines,TEMPO#10,75012988,Asia,68.564,2536.534925
Philippines,TEMPO#11,82995088,Asia,70.303,2650.921068
Philippines,TEMPO#12,91077287,Asia,71.688,3190.481016
Poland,TEMPO#1,25730551,Europe,61.31,4029.329699
Poland,TEMPO#2,28235346,Europe,65.77,4734.253019
Poland,TEMPO#3,30329617,Europe,67.64,5338.752143
Poland,TEMPO#4,31785378,Europe,69.61,6557.152776
Poland,TEMPO#5,33039545,Europe,70.85,8006.506993
Poland,TEMPO#6,34621254,Europe,70.67,9508.141454
Poland,TEMPO#7,36227381,Europe,71.32,8451.531004
Poland,TEMPO#8,37740710,Europe,70.98,9082.351172
Poland,TEMPO#9,38370697,Europe,70.99,7738.881247
Poland,TEMPO#10,38654957,Europe,72.75,10159.58368
Poland,TEMPO#11,38625976,Europe,74.67,1TEMPO#11.23908
Poland,TEMPO#12,38518241,Europe,75.563,15389.92468
Portugal,TEMPO#1,8526050,Europe,59.82,3068.319867
Portugal,TEMPO#2,8817650,Europe,61.51,3774.571743
Portugal,TEMPO#3,9019800,Europe,64.39,4727.954889
Portugal,TEMPO#4,9103000,Europe,66.6,6361.517993
Portugal,TEMPO#5,8970450,Europe,69.26,9022.247417
Portugal,TEMPO#6,9662600,Europe,70.41,10172.48572
Portugal,TEMPO#7,9859650,Europe,72.77,11753.84291
Portugal,TEMPO#8,9915289,Europe,74.06,13039.30876
Portugal,TEMPO#9,9927680,Europe,74.86,16207.26663
Portugal,TEMPO#10,10156415,Europe,75.97,17641.03156
Portugal,TEMPO#11,10433867,Europe,77.29,TEMPO#100.90787
Portugal,TEMPO#12,10642836,Europe,78.098,20509.64777
Puerto Rico,TEMPO#1,2227000,Americas,64.28,3081.959785
Puerto Rico,TEMPO#2,2260000,Americas,68.54,3907.156189
Puerto Rico,TEMPO#3,2448046,Americas,69.62,5108.34463
Puerto Rico,TEMPO#4,2648961,Americas,71.1,6929.277714
Puerto Rico,TEMPO#5,2847132,Americas,72.16,9123.041742
Puerto Rico,TEMPO#6,3080828,Americas,73.44,9770.524921
Puerto Rico,TEMPO#7,3279001,Americas,73.75,10330.98915
Puerto Rico,TEMPO#8,3444468,Americas,74.63,12281.34191
Puerto Rico,TEMPO#9,3585176,Americas,73.911,14641.58711
Puerto Rico,TEMPO#10,3759430,Americas,74.917,16999.4333
Puerto Rico,TEMPO#11,3859606,Americas,77.778,18855.60618
Puerto Rico,TEMPO#12,3942491,Americas,78.746,19328.70901
Reunion,TEMPO#1,257700,Africa,52.724,2718.885295
Reunion,TEMPO#2,308700,Africa,55.09,2769.451844
Reunion,TEMPO#3,358900,Africa,57.666,3173.72334
Reunion,TEMPO#4,414024,Africa,60.542,4021.175739
Reunion,TEMPO#5,461633,Africa,64.274,5047.658563
Reunion,TEMPO#6,492095,Africa,67.064,4319.804067
Reunion,TEMPO#7,517810,Africa,69.885,5267.219353
Reunion,TEMPO#8,562035,Africa,71.913,5303.377488
Reunion,TEMPO#9,622191,Africa,73.615,6101.255823
Reunion,TEMPO#10,684810,Africa,74.772,6071.941411
Reunion,TEMPO#11,743981,Africa,75.744,6316.1652
Reunion,TEMPO#12,798094,Africa,76.442,7670.122558
Romania,TEMPO#1,16630000,Europe,61.05,3144.613186
Romania,TEMPO#2,17829327,Europe,64.1,3943.370225
Romania,TEMPO#3,18680721,Europe,66.8,4734.997586
Romania,TEMPO#4,19284814,Europe,66.8,6470.866545
Romania,TEMPO#5,20662648,Europe,69.21,8011.414402
Romania,TEMPO#6,21658597,Europe,69.46,9356.39724
Romania,TEMPO#7,22356726,Europe,69.66,9605.314053
Romania,TEMPO#8,22686371,Europe,69.53,9696.273295
Romania,TEMPO#9,22797027,Europe,69.36,6598.409903
Romania,TEMPO#10,22562458,Europe,69.72,7346.547557
Romania,TEMPO#11,22404337,Europe,71.322,7885.360081
Romania,TEMPO#12,22276056,Europe,72.476,10808.47561
Rwanda,TEMPO#1,2534927,Africa,40,493.3238752
Rwanda,TEMPO#2,2822082,Africa,41.5,540.2893983
Rwanda,TEMPO#3,3051242,Africa,43,597.4730727
Rwanda,TEMPO#4,3451079,Africa,44.1,510.9637142
Rwanda,TEMPO#5,3992121,Africa,44.6,590.5806638
Rwanda,TEMPO#6,4657072,Africa,45,670.0806011
Rwanda,TEMPO#7,5507565,Africa,46.218,881.5706467
Rwanda,TEMPO#8,6349365,Africa,44.02,847.991217
Rwanda,TEMPO#9,7290203,Africa,23.599,737.0685949
Rwanda,TEMPO#10,7212583,Africa,36.087,589.9445051
Rwanda,TEMPO#11,7852401,Africa,43.413,785.6537648
Rwanda,TEMPO#12,8860588,Africa,46.242,863.0884639
Sao Tome and Principe,TEMPO#1,60011,Africa,46.471,879.5835855
Sao Tome and Principe,TEMPO#2,61325,Africa,48.945,860.7369026
Sao Tome and Principe,TEMPO#3,65345,Africa,51.893,1071.551119
Sao Tome and Principe,TEMPO#4,70787,Africa,54.425,1384.840593
Sao Tome and Principe,TEMPO#5,76595,Africa,56.48,1532.985254
Sao Tome and Principe,TEMPO#6,86796,Africa,58.55,1737.561657
Sao Tome and Principe,TEMPO#7,98593,Africa,60.351,1890.218117
Sao Tome and Principe,TEMPO#8,110812,Africa,61.728,1516.525457
Sao Tome and Principe,TEMPO#9,125911,Africa,62.742,1428.777814
Sao Tome and Principe,TEMPO#10,145608,Africa,63.306,1339.076036
Sao Tome and Principe,TEMPO#11,170372,Africa,64.337,1353.09239
Sao Tome and Principe,TEMPO#12,199579,Africa,65.528,1598.435089
Saudi Arabia,TEMPO#1,4005677,Asia,39.875,6459.554823
Saudi Arabia,TEMPO#2,4419650,Asia,42.868,8157.591248
Saudi Arabia,TEMPO#3,4943029,Asia,45.914,11626.41975
Saudi Arabia,TEMPO#4,5618198,Asia,49.901,16903.04886
Saudi Arabia,TEMPO#5,6472756,Asia,53.886,24837.42865
Saudi Arabia,TEMPO#6,8128505,Asia,58.69,34167.7626
Saudi Arabia,TEMPO#7,11254672,Asia,63.012,33693.17525
Saudi Arabia,TEMPO#8,14619745,Asia,66.295,21198.26136
Saudi Arabia,TEMPO#9,16945857,Asia,68.768,24841.61777
Saudi Arabia,TEMPO#10,21229759,Asia,70.533,20586.69019
Saudi Arabia,TEMPO#11,24501530,Asia,71.626,19014.54118
Saudi Arabia,TEMPO#12,27601038,Asia,72.777,21654.83194
Senegal,TEMPO#1,2755589,Africa,37.278,1450.356983
Senegal,TEMPO#2,3054547,Africa,39.329,1567.653006
Senegal,TEMPO#3,3430243,Africa,41.454,1654.988723
Senegal,TEMPO#4,3965841,Africa,43.563,1612.404632
Senegal,TEMPO#5,4588696,Africa,45.815,1597.712056
Senegal,TEMPO#6,5260855,Africa,48.879,1561.769116
Senegal,TEMPO#7,6147783,Africa,52.379,1518.479984
Senegal,TEMPO#8,7171347,Africa,55.769,1441.72072
Senegal,TEMPO#9,8307920,Africa,58.196,1367.899369
Senegal,TEMPO#10,9535314,Africa,60.187,1392.368347
Senegal,TEMPO#11,10870037,Africa,61.6,1519.635262
Senegal,TEMPO#12,12267493,Africa,63.062,1712.472136
Serbia,TEMPO#1,6860147,Europe,57.996,3581.459448
Serbia,TEMPO#2,7271135,Europe,61.685,4981.090891
Serbia,TEMPO#3,7616060,Europe,64.531,6289.629157
Serbia,TEMPO#4,7971222,Europe,66.914,7991.707066
Serbia,TEMPO#5,8313288,Europe,68.7,10522.06749
Serbia,TEMPO#6,8686367,Europe,70.3,12980.66956
Serbia,TEMPO#7,9032824,Europe,70.162,15181.0927
Serbia,TEMPO#8,9230783,Europe,71.218,15870.87851
Serbia,TEMPO#9,9826397,Europe,71.659,9325.068238
Serbia,TEMPO#10,10336594,Europe,72.232,7914.320304
Serbia,TEMPO#11,10111559,Europe,73.213,7236.075251
Serbia,TEMPO#12,10150265,Europe,74.002,9786.534714
Sierra Leone,TEMPO#1,2143249,Africa,30.331,879.7877358
Sierra Leone,TEMPO#2,2295678,Africa,31.57,1004.484437
Sierra Leone,TEMPO#3,2467895,Africa,32.767,1116.639877
Sierra Leone,TEMPO#4,2662190,Africa,34.113,1206.043465
Sierra Leone,TEMPO#5,2879013,Africa,35.4,1353.759762
Sierra Leone,TEMPO#6,3140897,Africa,36.788,1348.285159
Sierra Leone,TEMPO#7,3464522,Africa,38.445,1465.010784
Sierra Leone,TEMPO#8,3868905,Africa,40.006,1294.447788
Sierra Leone,TEMPO#9,4260884,Africa,38.333,1068.696278
Sierra Leone,TEMPO#10,4578212,Africa,39.897,574.6481576
Sierra Leone,TEMPO#11,5359092,Africa,41.012,699.489713
Sierra Leone,TEMPO#12,6144562,Africa,42.568,862.5407561
Singapore,TEMPO#1,1127000,Asia,60.396,2315.138227
Singapore,TEMPO#2,1445929,Asia,63.179,2843.104409
Singapore,TEMPO#3,1750200,Asia,65.798,3674.735572
Singapore,TEMPO#4,TEMPO 6600,Asia,67.946,4977.41854
Singapore,TEMPO#5,2152400,Asia,69.521,8597.756202
Singapore,TEMPO#6,2325300,Asia,70.795,11210.08948
Singapore,TEMPO#7,2651869,Asia,71.76,15169.16112
Singapore,TEMPO#8,2794552,Asia,73.56,18861.53081
Singapore,TEMPO#9,3235865,Asia,75.788,24769.8912
Singapore,TEMPO#10,3802309,Asia,77.158,33519.4766
Singapore,TEMPO#11,4TEMPO 676,Asia,78.77,36023.1054
Singapore,TEMPO#12,4553009,Asia,79.972,47143.17964
Slovak Republic,TEMPO#1,3558137,Europe,64.36,5074.659104
Slovak Republic,TEMPO#2,3844277,Europe,67.45,6093.26298
Slovak Republic,TEMPO#3,4237384,Europe,70.33,7481.107598
Slovak Republic,TEMPO#4,4442238,Europe,70.98,8412.902397
Slovak Republic,TEMPO#5,4593433,Europe,70.35,9674.167626
Slovak Republic,TEMPO#6,4827803,Europe,70.45,10922.66404
Slovak Republic,TEMPO#7,5048043,Europe,70.8,11348.54585
Slovak Republic,TEMPO#8,5199318,Europe,71.08,12037.26758
Slovak Republic,TEMPO#9,5302888,Europe,71.38,9498.467723
Slovak Republic,TEMPO#10,5383010,Europe,72.71,12126.23065
Slovak Republic,TEMPO#11,5410052,Europe,73.8,13638.77837
Slovak Republic,TEMPO#12,5447502,Europe,74.663,18678.31435
Slovenia,TEMPO#1,1489518,Europe,65.57,4215.041741
Slovenia,TEMPO#2,1533070,Europe,67.85,5862.276629
Slovenia,TEMPO#3,1582962,Europe,69.15,7402.303395
Slovenia,TEMPO#4,1646912,Europe,69.18,9405.489397
Slovenia,TEMPO#5,1694510,Europe,69.82,12383.4862
Slovenia,TEMPO#6,1746919,Europe,70.97,15277.03017
Slovenia,TEMPO#7,1861252,Europe,71.063,17866.72175
Slovenia,TEMPO#8,1945870,Europe,72.25,18678.53492
Slovenia,TEMPO#9,1999210,Europe,73.64,14214.71681
Slovenia,TEMPO#10,2011612,Europe,75.13,17161.10735
Slovenia,TEMPO#11,2011497,Europe,76.66,20660.01936
Slovenia,TEMPO#12,2009245,Europe,77.926,25768.25759
Somalia,TEMPO#1,2526994,Africa,32.978,1135.749842
Somalia,TEMPO#2,2780415,Africa,34.977,1258.147413
Somalia,TEMPO#3,3080153,Africa,36.981,1369.488336
Somalia,TEMPO#4,3428839,Africa,38.977,1284.73318
Somalia,TEMPO#5,3840161,Africa,40.973,1254.576127
Somalia,TEMPO#6,4353666,Africa,41.974,1450.992513
Somalia,TEMPO#7,5828892,Africa,42.955,1176.807031
Somalia,TEMPO#8,6921858,Africa,44.501,1093.244963
Somalia,TEMPO#9,6099799,Africa,39.658,926.9602964
Somalia,TEMPO#10,6633514,Africa,43.795,930.5964284
Somalia,TEMPO#11,7753310,Africa,45.936,882.0818218
Somalia,TEMPO#12,9118773,Africa,48.159,926.1410683
South Africa,TEMPO#1,14264935,Africa,45.009,4725.295531
South Africa,TEMPO#2,16151549,Africa,47.985,5487.104219
South Africa,TEMPO#3,18356657,Africa,49.951,5768.729717
South Africa,TEMPO#4,20997321,Africa,51.927,7114.477971
South Africa,TEMPO#5,23935810,Africa,53.696,7765.962636
South Africa,TEMPO#6,27129932,Africa,55.527,8028.651439
South Africa,TEMPO#7,31140029,Africa,58.161,8568.266228
South Africa,TEMPO#8,35933379,Africa,60.834,7825.823398
South Africa,TEMPO#9,39964159,Africa,61.888,7225.069258
South Africa,TEMPO#10,42835005,Africa,60.236,7479.188244
South Africa,TEMPO#11,44433622,Africa,53.365,7710.946444
South Africa,TEMPO#12,43997828,Africa,49.339,9269.657808
Spain,TEMPO#1,28549870,Europe,64.94,3834.034742
Spain,TEMPO#2,29841614,Europe,66.66,4564.80241
Spain,TEMPO#3,31158061,Europe,69.69,5693.843879
Spain,TEMPO#4,32850275,Europe,71.44,7993.512294
Spain,TEMPO#5,34513161,Europe,73.06,10638.75131
Spain,TEMPO#6,36439000,Europe,74.39,13236.92117
Spain,TEMPO#7,37983310,Europe,76.3,13926.16997
Spain,TEMPO#8,38880702,Europe,76.9,15764.98313
Spain,TEMPO#9,39549438,Europe,77.57,18603.06452
Spain,TEMPO#10,39855442,Europe,78.77,20445.29896
Spain,TEMPO#11,40152517,Europe,79.78,24835.47166
Spain,TEMPO#12,40448191,Europe,80.941,28821.0637
Sri Lanka,TEMPO#1,7982342,Asia,57.593,1083.53203
Sri Lanka,TEMPO#2,9128546,Asia,61.456,1072.546602
Sri Lanka,TEMPO#3,10421936,Asia,62.192,1074.47196
Sri Lanka,TEMPO#4,11737396,Asia,64.266,1135.514326
Sri Lanka,TEMPO#5,13016733,Asia,65.042,1213.39553
Sri Lanka,TEMPO#6,14116836,Asia,65.949,1348.775651
Sri Lanka,TEMPO#7,15410151,Asia,68.757,1648.079789
Sri Lanka,TEMPO#8,16495304,Asia,69.011,1876.766827
Sri Lanka,TEMPO#9,17587060,Asia,70.379,2153.739222
Sri Lanka,TEMPO#10,18698655,Asia,70.457,2664.477257
Sri Lanka,TEMPO#11,TEMPO 26783,Asia,70.815,3015.378833
Sri Lanka,TEMPO#12,20378239,Asia,72.396,3970.095407
Sudan,TEMPO#1,8504667,Africa,38.635,1615.991129
Sudan,TEMPO#2,9753392,Africa,39.624,1770.337074
Sudan,TEMPO#3,11183227,Africa,40.87,1959.593767
Sudan,TEMPO#4,12716129,Africa,42.858,1687.997641
Sudan,TEMPO#5,14597019,Africa,45.083,1659.652775
Sudan,TEMPO#6,17104986,Africa,47.8,2202.988423
Sudan,TEMPO#7,20367053,Africa,50.338,1895.544073
Sudan,TEMPO#8,24725960,Africa,51.744,1507.819159
Sudan,TEMPO#9,28227588,Africa,53.556,1492.197043
Sudan,TEMPO#10,32160729,Africa,55.373,1632.210764
Sudan,TEMPO#11,37090298,Africa,56.369,1993.398314
Sudan,TEMPO#12,42292929,Africa,58.556,2602.394995
Swaziland,TEMPO#1,290243,Africa,41.407,1148.376626
Swaziland,TEMPO#2,326741,Africa,43.424,1244.708364
Swaziland,TEMPO#3,370006,Africa,44.992,1856.182125
Swaziland,TEMPO#4,420690,Africa,46.633,2613.101665
Swaziland,TEMPO#5,480105,Africa,49.552,3364.836625
Swaziland,TEMPO#6,551425,Africa,52.537,3781.410618
Swaziland,TEMPO#7,649901,Africa,55.561,3895.384018
Swaziland,TEMPO#8,779348,Africa,57.678,3984.839812
Swaziland,TEMPO#9,962344,Africa,58.474,3553.0224
Swaziland,TEMPO#10,1054486,Africa,54.289,3876.76846
Swaziland,TEMPO#11,1130269,Africa,43.869,4128.116943
Swaziland,TEMPO#12,1133066,Africa,39.613,4513.480643
Sweden,TEMPO#1,7124673,Europe,71.86,8527.844662
Sweden,TEMPO#2,7363802,Europe,72.49,9911.878226
Sweden,TEMPO#3,7561588,Europe,73.37,12329.44192
Sweden,TEMPO#4,7867931,Europe,74.16,15258.29697
Sweden,TEMPO#5,8122293,Europe,74.72,17832.02464
Sweden,TEMPO#6,8251648,Europe,75.44,18855.72521
Sweden,TEMPO#7,8325260,Europe,76.42,20667.38125
Sweden,TEMPO#8,8421403,Europe,77.19,23586.92927
Sweden,TEMPO#9,8718867,Europe,78.16,23880.01683
Sweden,TEMPO#10,8897619,Europe,79.39,25266.59499
Sweden,TEMPO#11,8954175,Europe,80.04,29341.63093
Sweden,TEMPO#12,9031088,Europe,80.884,33859.74835
Switzerland,TEMPO#1,4815000,Europe,69.62,14734.23275
Switzerland,TEMPO#2,5126000,Europe,70.56,17909.48973
Switzerland,TEMPO#3,5666000,Europe,71.32,20431.0927
Switzerland,TEMPO#4,6063000,Europe,72.77,22966.14432
Switzerland,TEMPO#5,6401400,Europe,73.78,27195.11304
Switzerland,TEMPO#6,6316424,Europe,75.39,26982.29052
Switzerland,TEMPO#7,6468126,Europe,76.21,28397.71512
Switzerland,TEMPO#8,6649942,Europe,77.41,30281.70459
Switzerland,TEMPO#9,6995447,Europe,78.03,31871.5303
Switzerland,TEMPO#10,7193761,Europe,79.37,32135.32301
Switzerland,TEMPO#11,7361757,Europe,80.62,34480.95771
Switzerland,TEMPO#12,7554661,Europe,81.701,37506.41907
Syria,TEMPO#1,3661549,Asia,45.883,1643.485354
Syria,TEMPO#2,4149908,Asia,48.284,2117.234893
Syria,TEMPO#3,4834621,Asia,50.305,2193.037133
Syria,TEMPO#4,5680812,Asia,53.655,1881.923632
Syria,TEMPO#5,6701172,Asia,57.296,2571.423014
Syria,TEMPO#6,7932503,Asia,61.195,3195.484582
Syria,TEMPO#7,9410494,Asia,64.59,3761.837715
Syria,TEMPO#8,11242847,Asia,66.974,3116.774285
Syria,TEMPO#9,13219062,Asia,69.249,3340.542768
Syria,TEMPO#10,15081016,Asia,71.527,4014.238972
Syria,TEMPO#11,17155814,Asia,73.053,4090.925331
Syria,TEMPO#12,19314747,Asia,74.143,4184.548089
Taiwan,TEMPO#1,8550362,Asia,58.5,1206.947913
Taiwan,TEMPO#2,10164215,Asia,62.4,1507.86129
Taiwan,TEMPO#3,11918938,Asia,65.2,1822.879028
Taiwan,TEMPO#4,13648692,Asia,67.5,2643.858681
Taiwan,TEMPO#5,15226039,Asia,69.39,4062.523897
Taiwan,TEMPO#6,16785196,Asia,70.59,5596.5TEMPO 76
Taiwan,TEMPO#7,18501390,Asia,72.16,7426.354774
Taiwan,TEMPO#8,19757799,Asia,73.4,11054.56175
Taiwan,TEMPO#9,20686918,Asia,74.26,15215.6579
Taiwan,TEMPO#10,21628605,Asia,75.25,20206.82098
Taiwan,TEMPO#11,22454239,Asia,76.99,23235.42329
Taiwan,TEMPO#12,23174294,Asia,78.4,28718.27684
Tanzania,TEMPO#1,8322925,Africa,41.215,716.6500721
Tanzania,TEMPO#2,9452826,Africa,42.974,698.5356073
Tanzania,TEMPO#3,10863958,Africa,44.246,722.0038073
Tanzania,TEMPO#4,12607312,Africa,45.757,848.2186575
Tanzania,TEMPO#5,14706593,Africa,47.62,915.9850592
Tanzania,TEMPO#6,17129565,Africa,49.919,962.4922932
Tanzania,TEMPO#7,19844382,Africa,50.608,874.2426069
Tanzania,TEMPO#8,23040630,Africa,51.535,831.8220794
Tanzania,TEMPO#9,26605473,Africa,50.44,825.682454
Tanzania,TEMPO#10,30686889,Africa,48.466,789.1862231
Tanzania,TEMPO#11,34593779,Africa,49.651,899.0742111
Tanzania,TEMPO#12,38139640,Africa,52.517,1107.482182
Thailand,TEMPO#1,21289402,Asia,50.848,757.7974177
Thailand,TEMPO#2,25041917,Asia,53.63,793.5774148
Thailand,TEMPO#3,29263397,Asia,56.061,1002.199172
Thailand,TEMPO#4,34024249,Asia,58.285,1295.46066
Thailand,TEMPO#5,39276153,Asia,60.405,1524.358936
Thailand,TEMPO#6,44148285,Asia,62.494,1961.224635
Thailand,TEMPO#7,48827160,Asia,64.597,2393.219781
Thailand,TEMPO#8,52910342,Asia,66.084,2982.653773
Thailand,TEMPO#9,56667095,Asia,67.298,4616.896545
Thailand,TEMPO#10,60216677,Asia,67.521,5852.625497
Thailand,TEMPO#11,62806748,Asia,68.564,5913.187529
Thailand,TEMPO#12,65068149,Asia,70.616,7458.396327
Togo,TEMPO#1,1219113,Africa,38.596,859.8086567
Togo,TEMPO#2,1357445,Africa,41.208,925.9083202
Togo,TEMPO#3,1528098,Africa,43.922,1067.53481
Togo,TEMPO#4,1735550,Africa,46.769,1477.59676
Togo,TEMPO#5,2056351,Africa,49.759,1649.660188
Togo,TEMPO#6,2308582,Africa,52.887,1532.776998
Togo,TEMPO#7,2644765,Africa,55.471,1344.577953
Togo,TEMPO#8,3154264,Africa,56.941,1202.201361
Togo,TEMPO#9,3747553,Africa,58.061,1034.298904
Togo,TEMPO#10,4320890,Africa,58.39,982.2869243
Togo,TEMPO#11,4977378,Africa,57.561,886.2205765
Togo,TEMPO#12,5701579,Africa,58.42,882.9699438
Trinidad and Tobago,TEMPO#1,662850,Americas,59.1,3023.271928
Trinidad and Tobago,TEMPO#2,764900,Americas,61.8,4100.3934
Trinidad and Tobago,TEMPO#3,887498,Americas,64.9,4997.523971
Trinidad and Tobago,TEMPO#4,960155,Americas,65.4,5621.368472
Trinidad and Tobago,TEMPO#5,975199,Americas,65.9,6619.551419
Trinidad and Tobago,TEMPO#6,1039009,Americas,68.3,7899.554209
Trinidad and Tobago,TEMPO#7,1116479,Americas,68.832,9119.528607
Trinidad and Tobago,TEMPO#8,1191336,Americas,69.582,7388.597823
Trinidad and Tobago,TEMPO#9,1183669,Americas,69.862,7370.990932
Trinidad and Tobago,TEMPO#10,1138101,Americas,69.465,8792.573126
Trinidad and Tobago,TEMPO#11,1101832,Americas,68.976,11460.60023
Trinidad and Tobago,TEMPO#12,1056608,Americas,69.819,18008.50924
Tunisia,TEMPO#1,3647735,Africa,44.6,1468.475631
Tunisia,TEMPO#2,3950849,Africa,47.1,1395.232468
Tunisia,TEMPO#3,4286552,Africa,49.579,1660.30321
Tunisia,TEMPO#4,4786986,Africa,52.053,1932.360167
Tunisia,TEMPO#5,5303507,Africa,55.602,2753.285994
Tunisia,TEMPO#6,6005061,Africa,59.837,3120.876811
Tunisia,TEMPO#7,6734098,Africa,64.048,3560.233174
Tunisia,TEMPO#8,7724976,Africa,66.894,3810.419296
Tunisia,TEMPO#9,8523077,Africa,70.001,4332.720164
Tunisia,TEMPO#10,9231669,Africa,71.973,4876.798614
Tunisia,TEMPO#11,9770575,Africa,73.042,5722.895655
Tunisia,TEMPO#12,10276158,Africa,73.923,7092.923025
Turkey,TEMPO#1,22235677,Europe,43.585,1969.10098
Turkey,TEMPO#2,25670939,Europe,48.079,2218.754257
Turkey,TEMPO#3,29788695,Europe,52.098,2322.869908
Turkey,TEMPO#4,33411317,Europe,54.336,2826.356387
Turkey,TEMPO#5,37492953,Europe,57.005,3450.69638
Turkey,TEMPO#6,42404033,Europe,59.507,4269.122326
Turkey,TEMPO#7,47328791,Europe,61.036,4241.356344
Turkey,TEMPO#8,52881328,Europe,63.108,5089.043686
Turkey,TEMPO#9,58179144,Europe,66.146,5678.348271
Turkey,TEMPO#10,63047647,Europe,68.835,6601.429915
Turkey,TEMPO#11,67308928,Europe,70.845,6508.085718
Turkey,TEMPO#12,71158647,Europe,71.777,8458.276384
Uganda,TEMPO#1,5824797,Africa,39.978,734.753484
Uganda,TEMPO#2,6675501,Africa,42.571,774.3710692
Uganda,TEMPO#3,7688797,Africa,45.344,767.2717398
Uganda,TEMPO#4,8900294,Africa,48.051,908.9185217
Uganda,TEMPO#5,10190285,Africa,51.016,950.735869
Uganda,TEMPO#6,11457758,Africa,50.35,843.7331372
Uganda,TEMPO#7,12939400,Africa,49.849,682.2662268
Uganda,TEMPO#8,15283050,Africa,51.509,617.7244065
Uganda,TEMPO#9,18252190,Africa,48.825,644.1707969
Uganda,TEMPO#10,21210254,Africa,44.578,816.559081
Uganda,TEMPO#11,24739869,Africa,47.813,927.7210018
Uganda,TEMPO#12,29170398,Africa,51.542,1056.380121
United Kingdom,TEMPO#1,50430000,Europe,69.18,9979.508487
United Kingdom,TEMPO#2,51430000,Europe,70.42,11283.17795
United Kingdom,TEMPO#3,53292000,Europe,70.76,12477.17707
United Kingdom,TEMPO#4,54959000,Europe,71.36,14142.85089
United Kingdom,TEMPO#5,56079000,Europe,72.01,15895.11641
United Kingdom,TEMPO#6,56179000,Europe,72.76,17428.74846
United Kingdom,TEMPO#7,56339704,Europe,74.04,18232.42452
United Kingdom,TEMPO#8,56981620,Europe,75.007,21664.78767
United Kingdom,TEMPO#9,57866349,Europe,76.42,22705.09254
United Kingdom,TEMPO#10,58808266,Europe,77.218,26074.53136
United Kingdom,TEMPO#11,59912431,Europe,78.471,29478.99919
United Kingdom,TEMPO#12,60776238,Europe,79.425,33203.26128
United States,TEMPO#1,157553000,Americas,68.44,13990.48208
United States,TEMPO#2,171984000,Americas,69.49,14847.12712
United States,TEMPO#3,186538000,Americas,70.21,16173.14586
United States,TEMPO#4,TEMPO 812000,Americas,70.76,19530.36557
United States,TEMPO#5,209896000,Americas,71.34,21806.03594
United States,TEMPO#6,220239000,Americas,73.38,24072.63213
United States,TEMPO#7,232187835,Americas,74.65,25009.55914
United States,TEMPO#8,242803533,Americas,75.02,29884.35041
United States,TEMPO#9,256894189,Americas,76.09,32003.93224
United States,TEMPO#10,272911760,Americas,76.81,35767.43303
United States,TEMPO#11,287675526,Americas,77.31,39097.09955
United States,TEMPO#12,301139947,Americas,78.242,42951.65309
Uruguay,TEMPO#1,2252965,Americas,66.071,5716.766744
Uruguay,TEMPO#2,2424959,Americas,67.044,6150.772969
Uruguay,TEMPO#3,2598466,Americas,68.253,5603.357717
Uruguay,TEMPO#4,2748579,Americas,68.468,5444.6TEMPO 3
Uruguay,TEMPO#5,2829526,Americas,68.673,5703.408898
Uruguay,TEMPO#6,2873520,Americas,69.481,6504.339663
Uruguay,TEMPO#7,2953997,Americas,70.805,6920.223051
Uruguay,TEMPO#8,3045153,Americas,71.918,7452.398969
Uruguay,TEMPO#9,3149262,Americas,72.752,8137.004775
Uruguay,TEMPO#10,3262838,Americas,74.223,9230.240708
Uruguay,TEMPO#11,3363085,Americas,75.307,7727.002004
Uruguay,TEMPO#12,3447496,Americas,76.384,10611.46299
Venezuela,TEMPO#1,5439568,Americas,55.088,7689.799761
Venezuela,TEMPO#2,6702668,Americas,57.907,9802.466526
Venezuela,TEMPO#3,8143375,Americas,60.77,8422.974165
Venezuela,TEMPO#4,9709552,Americas,63.479,9541.474188
Venezuela,TEMPO#5,11515649,Americas,65.712,10505.25966
Venezuela,TEMPO#6,13503563,Americas,67.456,13143.95095
Venezuela,TEMPO#7,15620766,Americas,68.557,11152.41011
Venezuela,TEMPO#8,17910182,Americas,70.19,9883.584648
Venezuela,TEMPO#9,20265563,Americas,71.15,10733.92631
Venezuela,TEMPO#10,22374398,Americas,72.146,10165.49518
Venezuela,TEMPO#11,24287670,Americas,72.766,8605.047831
Venezuela,TEMPO#12,26084662,Americas,73.747,11415.80569
Vietnam,TEMPO#1,26246839,Asia,40.412,605.0664917
Vietnam,TEMPO#2,28998543,Asia,42.887,676.2854478
Vietnam,TEMPO#3,33796140,Asia,45.363,772.0491602
Vietnam,TEMPO#4,39463910,Asia,47.838,637.1232887
Vietnam,TEMPO#5,44655014,Asia,50.254,699.5016441
Vietnam,TEMPO#6,50533506,Asia,55.764,713.5371196
Vietnam,TEMPO#7,56142181,Asia,58.816,707.2357863
Vietnam,TEMPO#8,62826491,Asia,62.82,820.7994449
Vietnam,TEMPO#9,69940728,Asia,67.662,989.0231487
Vietnam,TEMPO#10,76048996,Asia,70.672,1385.896769
Vietnam,TEMPO#11,80908147,Asia,73.017,1764.456677
Vietnam,TEMPO#12,85262356,Asia,74.249,2441.576404
West Bank and Gaza,TEMPO#1,1030585,Asia,43.16,1515.592329
West Bank and Gaza,TEMPO#2,1070439,Asia,45.671,1827.067742
West Bank and Gaza,TEMPO#3,1133134,Asia,48.127,2198.956312
West Bank and Gaza,TEMPO#4,1142636,Asia,51.631,2649.715007
West Bank and Gaza,TEMPO#5,1089572,Asia,56.532,3133.409277
West Bank and Gaza,TEMPO#6,1261091,Asia,60.765,3682.831494
West Bank and Gaza,TEMPO#7,1425876,Asia,64.406,4336.032082
West Bank and Gaza,TEMPO#8,1691210,Asia,67.046,5107.197384
West Bank and Gaza,TEMPO#9,2104779,Asia,69.718,6017.654756
West Bank and Gaza,TEMPO#10,2826046,Asia,71.096,7110.667619
West Bank and Gaza,TEMPO#11,3389578,Asia,72.37,4515.487575
West Bank and Gaza,TEMPO#12,4018332,Asia,73.422,3025.349798
Zambia,TEMPO#1,2672000,Africa,42.038,1147.388831
Zambia,TEMPO#2,3016000,Africa,44.077,1311.956766
Zambia,TEMPO#3,3421000,Africa,46.023,1452.725766
Zambia,TEMPO#4,3900000,Africa,47.768,1777.077318
Zambia,TEMPO#5,4506497,Africa,50.107,1773.498265
Zambia,TEMPO#6,5216550,Africa,51.386,1588.688299
Zambia,TEMPO#7,6100407,Africa,51.821,1408.678565
Zambia,TEMPO#8,7272406,Africa,50.821,1213.315116
Zambia,TEMPO#9,8381163,Africa,46.1,1210.884633
Zambia,TEMPO#10,9417789,Africa,40.238,1071.353818
Zambia,TEMPO#11,10595811,Africa,39.193,1071.613938
Zambia,TEMPO#12,11746035,Africa,42.384,1271.211593
Zimbabwe,TEMPO#1,3080907,Africa,48.451,406.8841148
Zimbabwe,TEMPO#2,3646340,Africa,50.469,518.7642681
Zimbabwe,TEMPO#3,4277736,Africa,52.358,527.2721818
Zimbabwe,TEMPO#4,4995432,Africa,53.995,569.7950712
Zimbabwe,TEMPO#5,5861135,Africa,55.635,799.3621758
Zimbabwe,TEMPO#6,6642107,Africa,57.674,685.5876821
Zimbabwe,TEMPO#7,7636524,Africa,60.363,788.8550411
Zimbabwe,TEMPO#8,9216418,Africa,62.351,706.1573059
Zimbabwe,TEMPO#9,10704340,Africa,60.377,693.4207856
Zimbabwe,TEMPO#10,11404948,Africa,46.809,792.4499603
Zimbabwe,TEMPO#11,11926563,Africa,39.989,672.0386227
Zimbabwe,TEMPO#12,12311143,Africa,43.487,469.7092981
